buy_timestamp,buy_price,buy_risk,pattern_type,has_profitable_sell,first_profitable_sell_price,first_profitable_sell_timestamp,profit_pct,duration_minutes,signals_until_profitable_sell,has_any_sell,first_sell_price,first_sell_timestamp,first_sell_profit_pct
2025-02-14 09:37:02,610.21,low,Buy->Sell,True,610.465,2025-02-14 09:59:00,0.041788892348535,21.966666666666665,1.0,True,610.465,2025-02-14 09:59:00,0.041788892348535
2025-02-14 10:03:02,610.3701,low,Buy->Sell,True,610.68,2025-02-14 10:14:01,0.05077247394654007,10.983333333333333,1.0,True,610.68,2025-02-14 10:14:01,0.05077247394654007
2025-02-14 10:34:02,610.17,low,Buy->Sell,True,610.81,2025-02-14 11:08:03,0.1048888014815521,34.016666666666666,1.0,True,610.81,2025-02-14 11:08:03,0.1048888014815521
2025-02-14 11:18:01,610.11,low,Buy->Buy->Buy->Buy->Sell,True,610.46,2025-02-14 13:41:02,0.057366704364790404,143.01666666666668,4.0,True,610.46,2025-02-14 13:41:02,0.057366704364790404
2025-02-14 11:22:01,609.84,low,Buy->Buy->Buy->Sell,True,610.46,2025-02-14 13:41:02,0.10166601075692058,139.01666666666668,3.0,True,610.46,2025-02-14 13:41:02,0.10166601075692058
2025-02-14 11:49:03,609.7,low,Buy->Buy->Sell,True,610.46,2025-02-14 13:41:02,0.12465146793504851,111.98333333333333,2.0,True,610.46,2025-02-14 13:41:02,0.12465146793504851
2025-02-14 12:09:01,609.64,low,Buy->Sell,True,610.46,2025-02-14 13:41:02,0.1345056098681271,92.01666666666667,1.0,True,610.46,2025-02-14 13:41:02,0.1345056098681271
2025-02-14 14:29:02,610.13,medium,Other,True,610.51,2025-02-18 11:03:50,0.06228180879484625,5554.8,6.0,True,610.51,2025-02-18 11:03:50,0.06228180879484625
2025-02-14 15:07:32,609.93,medium,Other,True,610.51,2025-02-18 11:03:50,0.09509287951077025,5516.3,5.0,True,610.51,2025-02-18 11:03:50,0.09509287951077025
2025-02-14 15:31:00,609.78,low,Buy->Buy->Buy->Buy->Sell,True,610.51,2025-02-18 11:03:50,0.11971530715996231,5492.833333333333,4.0,True,610.51,2025-02-18 11:03:50,0.11971530715996231
2025-02-18 09:41:49,610.6299,low,Buy->Buy->Buy->Sell,False,,,,,,True,610.51,2025-02-18 11:03:50,-0.01963546167654575
2025-02-18 09:47:48,610.0399,low,Buy->Buy->Sell,True,610.51,2025-02-18 11:03:50,0.07706053325364491,76.03333333333333,2.0,True,610.51,2025-02-18 11:03:50,0.07706053325364491
2025-02-18 10:26:51,609.6,low,Buy->Sell,True,610.51,2025-02-18 11:03:50,0.1492782152230919,36.983333333333334,1.0,True,610.51,2025-02-18 11:03:50,0.1492782152230919
2025-02-18 11:25:50,609.99,low,Buy->Sell,True,610.515,2025-02-18 11:57:49,0.08606698470466356,31.983333333333334,1.0,True,610.515,2025-02-18 11:57:49,0.08606698470466356
2025-02-18 12:21:49,609.81,low,Buy->Sell,True,610.51,2025-02-18 12:51:49,0.11478985257703966,30.0,1.0,True,610.51,2025-02-18 12:51:49,0.11478985257703966
2025-02-18 13:19:51,609.86,low,Other,True,610.46,2025-02-18 15:55:48,0.09838323549667509,155.95,6.0,True,610.46,2025-02-18 15:55:48,0.09838323549667509
2025-02-18 13:35:49,609.71,low,Other,True,610.46,2025-02-18 15:55:48,0.12300929950304243,139.98333333333332,5.0,True,610.46,2025-02-18 15:55:48,0.12300929950304243
2025-02-18 14:04:51,609.66,low,Buy->Buy->Buy->Buy->Sell,True,610.46,2025-02-18 15:55:48,0.13122068037923895,110.95,4.0,True,610.46,2025-02-18 15:55:48,0.13122068037923895
2025-02-18 14:07:49,608.865,low,Buy->Buy->Buy->Sell,True,610.46,2025-02-18 15:55:48,0.2619628324833957,107.98333333333333,3.0,True,610.46,2025-02-18 15:55:48,0.2619628324833957
2025-02-18 14:08:49,608.88,low,Buy->Buy->Sell,True,610.46,2025-02-18 15:55:48,0.25949283931152956,106.98333333333333,2.0,True,610.46,2025-02-18 15:55:48,0.25949283931152956
2025-02-18 15:37:49,609.71,high,Buy->Sell,True,610.46,2025-02-18 15:55:48,0.12300929950304243,17.983333333333334,1.0,True,610.46,2025-02-18 15:55:48,0.12300929950304243
2025-02-19 09:52:46,609.94,low,Buy->Sell,False,,,,,,True,609.81,2025-02-19 10:02:47,-0.02131357182675495
2025-02-19 10:19:47,609.9401,low,Buy->Buy->Sell,True,610.305,2025-02-19 10:30:47,0.059825546803681295,11.0,2.0,True,610.305,2025-02-19 10:30:47,0.059825546803681295
2025-02-19 10:21:46,609.87,low,Buy->Sell,True,610.305,2025-02-19 10:30:47,0.07132667617688121,9.016666666666667,1.0,True,610.305,2025-02-19 10:30:47,0.07132667617688121
2025-02-19 12:21:47,611.32,high,Buy->Sell,False,,,,,,True,610.945,2025-02-19 12:31:47,-0.06134266832428188
2025-02-19 13:54:48,611.59,high,Buy->Sell,True,612.58,2025-02-19 14:14:48,0.16187315031311975,20.0,1.0,True,612.58,2025-02-19 14:14:48,0.16187315031311975
2025-02-19 15:28:46,612.0,high,Buy->Sell,True,612.73,2025-02-19 15:56:46,0.11928104575163695,28.0,1.0,True,612.73,2025-02-19 15:56:46,0.11928104575163695
2025-02-20 09:36:31,611.34,low,Other,False,,,,,,False,,,
2025-02-20 09:45:30,610.5,low,Other,False,,,,,,False,,,
2025-02-20 09:57:30,609.06,low,Other,False,,,,,,False,,,
2025-02-20 10:15:30,608.78,high,Other,False,,,,,,False,,,
2025-02-20 10:51:31,607.6698,low,Other,False,,,,,,False,,,
2025-02-20 11:26:30,607.89,high,Other,False,,,,,,False,,,
2025-02-20 11:49:32,607.59,low,Other,False,,,,,,False,,,
2025-02-20 13:09:32,608.17,medium,Other,False,,,,,,False,,,
2025-02-20 13:30:31,607.975,medium,Other,False,,,,,,False,,,
2025-02-20 14:42:33,609.05,medium,Other,False,,,,,,False,,,
2025-02-21 09:45:53,609.32,low,Other,False,,,,,,True,601.3151,2025-02-24 12:21:41,-1.3137431891288682
2025-02-21 09:50:54,608.4725,low,Other,False,,,,,,True,601.3151,2025-02-24 12:21:41,-1.1762898076741248
2025-02-21 10:08:54,608.1701,low,Other,False,,,,,,True,601.3151,2025-02-24 12:21:41,-1.127151762311238
2025-02-21 10:27:54,606.66,low,Other,False,,,,,,True,601.3151,2025-02-24 12:21:41,-0.8810371542544323
2025-02-21 11:07:54,606.76,low,Other,False,,,,,,True,601.3151,2025-02-24 12:21:41,-0.8973729316368848
2025-02-21 11:55:54,606.6,low,Other,False,,,,,,True,601.3151,2025-02-24 12:21:41,-0.8712331025387394
2025-02-21 12:19:57,605.7,low,Other,False,,,,,,True,601.3151,2025-02-24 12:21:41,-0.7239392438500935
2025-02-21 12:48:55,604.81,low,Other,False,,,,,,True,601.3151,2025-02-24 12:21:41,-0.5778508953224841
2025-02-21 12:57:55,603.78,low,Other,False,,,,,,True,601.3151,2025-02-24 12:21:41,-0.4082447248997886
2025-02-21 13:15:55,603.33,medium,Other,False,,,,,,True,601.3151,2025-02-24 12:21:41,-0.3339631710672454
2025-02-21 13:34:57,602.05,low,Other,False,,,,,,True,601.3151,2025-02-24 12:21:41,-0.12206627356530605
2025-02-21 13:54:56,602.21,low,Other,False,,,,,,True,601.3151,2025-02-24 12:21:41,-0.1486026469171895
2025-02-21 14:02:55,601.34,low,Other,False,,,,,,True,601.3151,2025-02-24 12:21:41,-0.004140752319819464
2025-02-21 14:24:57,600.67,low,Other,True,601.3151,2025-02-24 12:21:41,0.10739674030666929,4196.733333333334,7.0,True,601.3151,2025-02-24 12:21:41,0.10739674030666929
2025-02-21 14:59:59,600.035,low,Other,True,601.3151,2025-02-24 12:21:41,0.2133375553092839,4161.7,6.0,True,601.3151,2025-02-24 12:21:41,0.2133375553092839
2025-02-21 15:20:55,600.2301,low,Other,True,601.3151,2025-02-24 12:21:41,0.18076401033537579,4140.766666666666,5.0,True,601.3151,2025-02-24 12:21:41,0.18076401033537579
2025-02-21 15:47:54,599.89,low,Buy->Buy->Buy->Buy->Sell,True,601.3151,2025-02-24 12:21:41,0.237560219373559,4113.783333333334,4.0,True,601.3151,2025-02-24 12:21:41,0.237560219373559
2025-02-24 09:41:41,601.23,low,Buy->Buy->Buy->Sell,True,601.3151,2025-02-24 12:21:41,0.014154316983518999,160.0,3.0,True,601.3151,2025-02-24 12:21:41,0.014154316983518999
2025-02-24 10:01:40,597.96,low,Buy->Buy->Sell,True,601.3151,2025-02-24 12:21:41,0.5610910428791211,140.01666666666668,2.0,True,601.3151,2025-02-24 12:21:41,0.5610910428791211
2025-02-24 10:49:43,597.99,medium,Buy->Sell,True,601.3151,2025-02-24 12:21:41,0.556046087727223,91.96666666666667,1.0,True,601.3151,2025-02-24 12:21:41,0.556046087727223
2025-02-24 13:51:40,600.77,high,Other,False,,,,,,True,596.38,2025-02-25 15:23:47,-0.730728897914341
2025-02-24 14:12:40,600.55,high,Other,False,,,,,,True,596.38,2025-02-25 15:23:47,-0.6943635001248788
2025-02-24 14:57:42,599.66,medium,Other,False,,,,,,True,596.38,2025-02-25 15:23:47,-0.5469766200847102
2025-02-25 09:51:47,595.3556,low,Other,True,596.38,2025-02-25 15:23:47,0.1720652329464969,332.0,7.0,True,596.38,2025-02-25 15:23:47,0.1720652329464969
2025-02-25 10:10:48,593.62,medium,Other,True,596.38,2025-02-25 15:23:47,0.4649439035072927,312.98333333333335,6.0,True,596.38,2025-02-25 15:23:47,0.4649439035072927
2025-02-25 10:22:47,592.02,low,Other,True,596.38,2025-02-25 15:23:47,0.7364616060268258,301.0,5.0,True,596.38,2025-02-25 15:23:47,0.7364616060268258
2025-02-25 11:13:48,592.04,high,Buy->Buy->Buy->Buy->Sell,True,596.38,2025-02-25 15:23:47,0.7330585771231728,249.98333333333332,4.0,True,596.38,2025-02-25 15:23:47,0.7330585771231728
2025-02-25 11:27:48,590.92,low,Buy->Buy->Buy->Sell,True,596.38,2025-02-25 15:23:47,0.9239829418533874,235.98333333333332,3.0,True,596.38,2025-02-25 15:23:47,0.9239829418533874
2025-02-25 13:35:48,594.15,high,Buy->Buy->Sell,True,596.38,2025-02-25 15:23:47,0.3753260961036806,107.98333333333333,2.0,True,596.38,2025-02-25 15:23:47,0.3753260961036806
2025-02-25 14:17:50,593.68,high,Buy->Sell,True,596.38,2025-02-25 15:23:47,0.4547904595068127,65.95,1.0,True,596.38,2025-02-25 15:23:47,0.4547904595068127
2025-02-25 15:56:47,594.32,high,Buy->Buy->Buy->Sell,True,599.1301,2025-02-26 10:19:49,0.8093451339345673,1103.0333333333333,3.0,True,599.1301,2025-02-26 10:19:49,0.8093451339345673
2025-02-26 09:43:47,595.75,low,Buy->Buy->Sell,True,599.1301,2025-02-26 10:19:49,0.5673688627780059,36.03333333333333,2.0,True,599.1301,2025-02-26 10:19:49,0.5673688627780059
2025-02-26 09:50:48,597.13,low,Buy->Sell,True,599.1301,2025-02-26 10:19:49,0.33495218796576537,29.016666666666666,1.0,True,599.1301,2025-02-26 10:19:49,0.33495218796576537
2025-02-26 11:33:48,598.4,high,Other,False,,,,,,True,597.555,2025-02-27 09:37:22,-0.1412098930481329
2025-02-26 12:41:48,597.185,medium,Other,True,597.555,2025-02-27 09:37:22,0.06195734989994802,1255.5666666666666,6.0,True,597.555,2025-02-27 09:37:22,0.06195734989994802
2025-02-26 13:00:49,595.6099,low,Other,True,597.555,2025-02-27 09:37:22,0.32657281217117295,1236.55,5.0,True,597.555,2025-02-27 09:37:22,0.32657281217117295
2025-02-26 13:35:50,594.27,low,Buy->Buy->Buy->Buy->Sell,True,597.555,2025-02-27 09:37:22,0.5527790398303748,1201.5333333333333,4.0,True,597.555,2025-02-27 09:37:22,0.5527790398303748
2025-02-26 13:51:49,593.28,low,Buy->Buy->Buy->Sell,True,597.555,2025-02-27 09:37:22,0.7205703883495108,1185.55,3.0,True,597.555,2025-02-27 09:37:22,0.7205703883495108
2025-02-26 14:58:48,592.6878,low,Buy->Buy->Sell,True,597.555,2025-02-27 09:37:22,0.821208062659618,1118.5666666666666,2.0,True,597.555,2025-02-27 09:37:22,0.821208062659618
2025-02-26 15:37:47,593.81,high,Buy->Sell,True,597.555,2025-02-27 09:37:22,0.6306731109277387,1079.5833333333333,1.0,True,597.555,2025-02-27 09:37:22,0.6306731109277387
2025-02-27 09:48:22,595.43,high,Other,False,,,,,,True,584.72,2025-02-28 09:40:53,-1.7987000990880413
2025-02-27 10:02:22,591.6481,low,Other,False,,,,,,True,584.72,2025-02-28 09:40:53,-1.170983224656679
2025-02-27 10:53:22,594.32,high,Other,False,,,,,,True,584.72,2025-02-28 09:40:53,-1.6152914254946866
2025-02-27 11:08:22,594.07,high,Other,False,,,,,,True,584.72,2025-02-28 09:40:53,-1.5738885989866551
2025-02-27 11:43:23,593.76,medium,Other,False,,,,,,True,584.72,2025-02-28 09:40:53,-1.5225006736728584
2025-02-27 12:03:22,592.9,medium,Other,False,,,,,,True,584.72,2025-02-28 09:40:53,-1.3796593017372154
2025-02-27 12:43:22,592.66,high,Other,False,,,,,,True,584.72,2025-02-28 09:40:53,-1.3397226065534946
2025-02-27 14:00:24,593.43,medium,Other,False,,,,,,True,584.72,2025-02-28 09:40:53,-1.46773840217042
2025-02-27 14:25:22,591.665,low,Other,False,,,,,,True,584.72,2025-02-28 09:40:53,-1.1738061233975199
2025-02-27 14:47:23,589.61,medium,Buy->Buy->Buy->Buy->Sell,False,,,,,,True,584.72,2025-02-28 09:40:53,-0.8293617815165935
2025-02-27 15:07:23,587.94,low,Buy->Buy->Buy->Sell,False,,,,,,True,584.72,2025-02-28 09:40:53,-0.5476749328162783
2025-02-27 15:30:21,586.84,low,Buy->Buy->Sell,False,,,,,,True,584.72,2025-02-28 09:40:53,-0.3612569013700505
2025-02-27 15:55:21,585.27,low,Buy->Sell,False,,,,,,True,584.72,2025-02-28 09:40:53,-0.09397372153022614
2025-02-28 11:28:53,586.15,high,Buy->Sell,True,587.88,2025-02-28 11:41:53,0.2951462936108536,13.0,1.0,True,587.88,2025-02-28 11:41:53,0.2951462936108536
2025-02-28 12:03:54,586.75,high,Buy->Buy->Buy->Buy->Sell,True,588.14,2025-02-28 15:01:55,0.2368981678738792,178.01666666666668,4.0,True,588.14,2025-02-28 15:01:55,0.2368981678738792
2025-02-28 12:46:53,584.7701,medium,Buy->Buy->Buy->Sell,True,588.14,2025-02-28 15:01:55,0.5762777542832695,135.03333333333333,3.0,True,588.14,2025-02-28 15:01:55,0.5762777542832695
2025-02-28 13:17:54,583.33,low,Buy->Buy->Sell,True,588.14,2025-02-28 15:01:55,0.8245761404350788,104.01666666666667,2.0,True,588.14,2025-02-28 15:01:55,0.8245761404350788
2025-02-28 14:12:54,584.6,high,Buy->Sell,True,588.14,2025-02-28 15:01:55,0.6055422511118651,49.016666666666666,1.0,True,588.14,2025-02-28 15:01:55,0.6055422511118651
2025-03-03 09:40:51,595.355,low,Other,False,,,,,,False,,,
2025-03-03 09:59:52,593.05,low,Other,False,,,,,,True,579.7,2025-03-04 13:54:27,-2.2510749515217787
2025-03-03 10:20:51,592.63,high,Other,False,,,,,,True,579.7,2025-03-04 13:54:27,-2.1817997738892645
2025-03-03 10:51:51,593.73,high,Other,False,,,,,,True,579.7,2025-03-04 13:54:27,-2.3630269651188205
2025-03-03 11:16:52,593.33,medium,Other,False,,,,,,True,579.7,2025-03-04 13:54:27,-2.2972039168759366
2025-03-03 12:38:52,593.4856,medium,Other,False,,,,,,True,579.7,2025-03-04 13:54:27,-2.3228196269631365
2025-03-03 12:58:52,591.71,low,Other,False,,,,,,True,579.7,2025-03-04 13:54:27,-2.029710500076049
2025-03-03 13:19:54,589.71,low,Other,False,,,,,,True,579.7,2025-03-04 13:54:27,-1.6974445066218973
2025-03-03 13:38:52,587.67,low,Other,False,,,,,,True,579.7,2025-03-04 13:54:27,-1.3562033113822238
2025-03-03 14:30:52,588.97,low,Other,False,,,,,,True,579.7,2025-03-04 13:54:27,-1.5739341562388547
2025-03-03 14:51:54,587.33,medium,Other,False,,,,,,True,579.7,2025-03-04 13:54:27,-1.299099313844005
2025-03-03 14:52:52,586.83,low,Other,False,,,,,,True,579.7,2025-03-04 13:54:27,-1.215002641310089
2025-03-03 15:04:54,584.36,low,Other,False,,,,,,True,579.7,2025-03-04 13:54:27,-0.7974536244780559
2025-03-03 15:47:51,581.5896,high,Other,False,,,,,,True,579.7,2025-03-04 13:54:27,-0.3249026461270925
2025-03-04 09:36:24,579.4799,low,Other,True,579.7,2025-03-04 13:54:27,0.037982335539162304,258.05,7.0,True,579.7,2025-03-04 13:54:27,0.037982335539162304
2025-03-04 09:57:25,577.11,low,Other,True,579.7,2025-03-04 13:54:27,0.44878792604530016,237.03333333333333,6.0,True,579.7,2025-03-04 13:54:27,0.44878792604530016
2025-03-04 10:09:25,574.59,low,Other,True,579.7,2025-03-04 13:54:27,0.8893297829756893,225.03333333333333,5.0,True,579.7,2025-03-04 13:54:27,0.8893297829756893
2025-03-04 10:54:25,573.77,medium,Buy->Buy->Buy->Buy->Sell,True,579.7,2025-03-04 13:54:27,1.0335151715844437,180.03333333333333,4.0,True,579.7,2025-03-04 13:54:27,1.0335151715844437
2025-03-04 11:10:24,572.83,low,Buy->Buy->Buy->Sell,True,579.7,2025-03-04 13:54:27,1.199308695424472,164.05,3.0,True,579.7,2025-03-04 13:54:27,1.199308695424472
2025-03-04 11:28:24,572.701,low,Buy->Buy->Sell,True,579.7,2025-03-04 13:54:27,1.2221036806291632,146.05,2.0,True,579.7,2025-03-04 13:54:27,1.2221036806291632
2025-03-04 12:59:25,576.494,high,Buy->Sell,True,579.7,2025-03-04 13:54:27,0.556120271850187,55.03333333333333,1.0,True,579.7,2025-03-04 13:54:27,0.556120271850187
2025-03-05 10:20:00,576.81,high,Buy->Buy->Buy->Buy->Sell,True,578.935,2025-03-05 12:37:58,0.36840554081933397,137.96666666666667,4.0,True,578.935,2025-03-05 12:37:58,0.36840554081933397
2025-03-05 10:51:58,576.38,high,Buy->Buy->Buy->Sell,True,578.935,2025-03-05 12:37:58,0.44328394461986015,106.0,3.0,True,578.935,2025-03-05 12:37:58,0.44328394461986015
2025-03-05 11:11:58,574.16,low,Buy->Buy->Sell,True,578.935,2025-03-05 12:37:58,0.8316497143653299,86.0,2.0,True,578.935,2025-03-05 12:37:58,0.8316497143653299
2025-03-05 11:27:58,573.95,low,Buy->Sell,True,578.935,2025-03-05 12:37:58,0.8685425559717571,70.0,1.0,True,578.935,2025-03-05 12:37:58,0.8685425559717571
2025-03-06 09:37:35,574.66,low,Buy->Sell,True,578.7,2025-03-06 10:22:37,0.7030243970347819,45.03333333333333,1.0,True,578.7,2025-03-06 10:22:37,0.7030243970347819
2025-03-06 12:02:36,574.23,low,Other,True,574.24,2025-03-07 09:58:46,0.0017414624801892803,1316.1666666666667,8.0,True,574.24,2025-03-07 09:58:46,0.0017414624801892803
2025-03-06 12:25:36,573.175,low,Other,True,574.24,2025-03-07 09:58:46,0.18580712696821297,1293.1666666666667,7.0,True,574.24,2025-03-07 09:58:46,0.18580712696821297
2025-03-06 12:54:38,571.87,low,Other,True,574.24,2025-03-07 09:58:46,0.4144298529386057,1264.1333333333334,6.0,True,574.24,2025-03-07 09:58:46,0.4144298529386057
2025-03-06 13:34:37,572.5,medium,Other,True,574.24,2025-03-07 09:58:46,0.30393013100436844,1224.15,5.0,True,574.24,2025-03-07 09:58:46,0.30393013100436844
2025-03-06 13:52:36,572.68,high,Buy->Buy->Buy->Buy->Sell,True,574.24,2025-03-07 09:58:46,0.272403436474132,1206.1666666666667,4.0,True,574.24,2025-03-07 09:58:46,0.272403436474132
2025-03-06 14:24:37,571.245,low,Buy->Buy->Buy->Sell,True,574.24,2025-03-07 09:58:46,0.5242934292641519,1174.15,3.0,True,574.24,2025-03-07 09:58:46,0.5242934292641519
2025-03-06 15:10:35,572.82,high,Buy->Buy->Sell,True,574.24,2025-03-07 09:58:46,0.24789637233336106,1128.1833333333334,2.0,True,574.24,2025-03-07 09:58:46,0.24789637233336106
2025-03-07 09:36:46,571.69,high,Buy->Sell,True,574.24,2025-03-07 09:58:46,0.4460459339851937,22.0,1.0,True,574.24,2025-03-07 09:58:46,0.4460459339851937
2025-03-07 10:15:48,572.75,medium,Buy->Buy->Buy->Buy->Sell,True,573.25,2025-03-07 13:21:48,0.08729812309035355,186.0,4.0,True,573.25,2025-03-07 13:21:48,0.08729812309035355
2025-03-07 11:21:46,568.98,low,Buy->Buy->Buy->Sell,True,573.25,2025-03-07 13:21:48,0.7504657457204088,120.03333333333333,3.0,True,573.25,2025-03-07 13:21:48,0.7504657457204088
2025-03-07 11:52:46,565.83,low,Buy->Buy->Sell,True,573.25,2025-03-07 13:21:48,1.3113479313574676,89.03333333333333,2.0,True,573.25,2025-03-07 13:21:48,1.3113479313574676
2025-03-07 12:09:48,566.46,medium,Buy->Sell,True,573.25,2025-03-07 13:21:48,1.198672457013728,72.0,1.0,True,573.25,2025-03-07 13:21:48,1.198672457013728
2025-03-07 15:39:49,573.925,high,Buy->Buy->Sell,False,,,,,,True,567.93,2025-03-10 09:38:27,-1.0445615716339252
2025-03-07 15:55:45,576.64,high,Buy->Sell,False,,,,,,True,567.93,2025-03-10 09:38:27,-1.5104744728079975
2025-03-10 09:52:30,567.68,high,Other,False,,,,,,True,560.72,2025-03-11 14:44:29,-1.2260428410371904
2025-03-10 10:14:30,566.36,medium,Other,False,,,,,,True,560.72,2025-03-11 14:44:29,-0.9958330390564282
2025-03-10 10:32:28,565.21,medium,Other,False,,,,,,True,560.72,2025-03-11 14:44:29,-0.794395003626972
2025-03-10 11:50:28,564.45,high,Other,False,,,,,,True,560.72,2025-03-11 14:44:29,-0.6608202675170551
2025-03-10 12:06:29,563.86,low,Other,False,,,,,,True,560.72,2025-03-11 14:44:29,-0.556875820239064
2025-03-10 12:08:29,563.47,low,Other,False,,,,,,True,560.72,2025-03-11 14:44:29,-0.4880472784709035
2025-03-10 12:29:31,563.77,high,Other,False,,,,,,True,560.72,2025-03-11 14:44:29,-0.5410007627223787
2025-03-10 12:44:30,562.975,low,Other,False,,,,,,True,560.72,2025-03-11 14:44:29,-0.4005506461210525
2025-03-10 13:52:29,560.37,low,Other,True,560.72,2025-03-11 14:44:29,0.06245873262309237,1492.0,11.0,True,560.72,2025-03-11 14:44:29,0.06245873262309237
2025-03-10 14:08:29,559.67,low,Other,True,560.72,2025-03-11 14:44:29,0.1876105562206422,1476.0,10.0,True,560.72,2025-03-11 14:44:29,0.1876105562206422
2025-03-10 14:56:28,557.54,low,Other,True,560.72,2025-03-11 14:44:29,0.5703626645621953,1428.0166666666667,9.0,True,560.72,2025-03-11 14:44:29,0.5703626645621953
2025-03-11 09:36:25,559.66,low,Other,True,560.72,2025-03-11 14:44:29,0.18940070757246527,308.06666666666666,8.0,True,560.72,2025-03-11 14:44:29,0.18940070757246527
2025-03-11 10:04:27,556.995,low,Other,True,560.72,2025-03-11 14:44:29,0.6687672241223033,280.03333333333336,7.0,True,560.72,2025-03-11 14:44:29,0.6687672241223033
2025-03-11 10:41:26,554.1,low,Other,True,560.72,2025-03-11 14:44:29,1.1947301931059382,243.05,6.0,True,560.72,2025-03-11 14:44:29,1.1947301931059382
2025-03-11 12:08:26,556.35,medium,Other,True,560.72,2025-03-11 14:44:29,0.7854767682214442,156.05,5.0,True,560.72,2025-03-11 14:44:29,0.7854767682214442
2025-03-11 12:24:28,555.93,medium,Buy->Buy->Buy->Buy->Sell,True,560.72,2025-03-11 14:44:29,0.8616192686129688,140.01666666666668,4.0,True,560.72,2025-03-11 14:44:29,0.8616192686129688
2025-03-11 12:42:26,555.96,medium,Buy->Buy->Buy->Sell,True,560.72,2025-03-11 14:44:29,0.8561767033599522,122.05,3.0,True,560.72,2025-03-11 14:44:29,0.8561767033599522
2025-03-11 12:58:27,554.13,low,Buy->Buy->Sell,True,560.72,2025-03-11 14:44:29,1.1892516196560432,106.03333333333333,2.0,True,560.72,2025-03-11 14:44:29,1.1892516196560432
2025-03-11 13:23:26,552.25,low,Buy->Sell,True,560.72,2025-03-11 14:44:29,1.5337256677229565,81.05,1.0,True,560.72,2025-03-11 14:44:29,1.5337256677229565
2025-03-11 15:26:26,559.63,high,Buy->Buy->Buy->Sell,False,,,,,,True,559.38,2025-03-12 10:28:50,-0.04467237281775459
2025-03-11 15:55:28,557.24,high,Buy->Buy->Sell,True,559.38,2025-03-12 10:28:50,0.38403560404852244,1113.3666666666666,2.0,True,559.38,2025-03-12 10:28:50,0.38403560404852244
2025-03-12 10:25:50,558.47,low,Buy->Sell,True,559.38,2025-03-12 10:28:50,0.16294518953569004,3.0,1.0,True,559.38,2025-03-12 10:28:50,0.16294518953569004
2025-03-12 10:56:50,556.45,low,Buy->Buy->Sell,True,558.62,2025-03-12 11:49:51,0.38997214484678927,53.016666666666666,2.0,True,558.62,2025-03-12 11:49:51,0.38997214484678927
2025-03-12 11:20:50,555.75,high,Buy->Sell,True,558.62,2025-03-12 11:49:51,0.5164192532613594,29.016666666666666,1.0,True,558.62,2025-03-12 11:49:51,0.5164192532613594
2025-03-12 15:17:51,559.86,high,Buy->Buy->Buy->Buy->Sell,False,,,,,,True,557.54,2025-03-13 10:16:47,-0.41438931161362663
2025-03-12 15:36:50,558.88,high,Buy->Buy->Buy->Sell,False,,,,,,True,557.54,2025-03-13 10:16:47,-0.23976524477527053
2025-03-13 09:41:47,558.07,high,Buy->Buy->Sell,False,,,,,,True,557.54,2025-03-13 10:16:47,-0.09497016503307584
2025-03-13 09:44:48,557.075,high,Buy->Sell,True,557.54,2025-03-13 10:16:47,0.08347170488711898,31.983333333333334,1.0,True,557.54,2025-03-13 10:16:47,0.08347170488711898
2025-03-13 11:24:49,555.09,medium,Other,True,559.2876,2025-03-14 09:50:23,0.7562016970220983,1345.5666666666666,8.0,True,559.2876,2025-03-14 09:50:23,0.7562016970220983
2025-03-13 11:36:47,553.15,low,Other,True,559.2876,2025-03-14 09:50:23,1.109572448702887,1333.6,7.0,True,559.2876,2025-03-14 09:50:23,1.109572448702887
2025-03-13 11:54:49,552.95,low,Other,True,559.2876,2025-03-14 09:50:23,1.1461434126051093,1315.5666666666666,6.0,True,559.2876,2025-03-14 09:50:23,1.1461434126051093
2025-03-13 12:58:47,552.31,low,Other,True,559.2876,2025-03-14 09:50:23,1.2633484818308653,1251.6,5.0,True,559.2876,2025-03-14 09:50:23,1.2633484818308653
2025-03-13 13:14:48,551.55,low,Buy->Buy->Buy->Buy->Sell,True,559.2876,2025-03-14 09:50:23,1.4028827848789853,1235.5833333333333,4.0,True,559.2876,2025-03-14 09:50:23,1.4028827848789853
2025-03-13 13:38:47,550.355,low,Buy->Buy->Buy->Sell,True,559.2876,2025-03-14 09:50:23,1.6230614785002369,1211.6,3.0,True,559.2876,2025-03-14 09:50:23,1.6230614785002369
2025-03-13 15:22:48,552.82,medium,Buy->Buy->Sell,True,559.2876,2025-03-14 09:50:23,1.1699287290618912,1107.5833333333333,2.0,True,559.2876,2025-03-14 09:50:23,1.1699287290618912
2025-03-13 15:49:50,551.24,medium,Buy->Sell,True,559.2876,2025-03-14 09:50:23,1.459908569769971,1080.55,1.0,True,559.2876,2025-03-14 09:50:23,1.459908569769971
2025-03-14 10:16:21,556.88,medium,Buy->Sell,True,559.5865,2025-03-14 10:58:22,0.48601134894411824,42.016666666666666,1.0,True,559.5865,2025-03-14 10:58:22,0.48601134894411824
2025-03-14 12:12:21,560.64,high,Buy->Sell,True,562.09,2025-03-14 12:59:23,0.258632990867588,47.03333333333333,1.0,True,562.09,2025-03-14 12:59:23,0.258632990867588
2025-03-14 14:24:23,560.34,high,Buy->Sell,True,562.2912,2025-03-14 15:07:22,0.34821715387085905,42.983333333333334,1.0,True,562.2912,2025-03-14 15:07:22,0.34821715387085905
2025-03-17 09:50:11,565.13,high,Buy->Buy->Buy->Sell,True,565.94,2025-03-17 13:27:09,0.14332985330809886,216.96666666666667,3.0,True,565.94,2025-03-17 13:27:09,0.14332985330809886
2025-03-17 11:09:08,564.024,medium,Buy->Buy->Sell,True,565.94,2025-03-17 13:27:09,0.33970185665859143,138.01666666666668,2.0,True,565.94,2025-03-17 13:27:09,0.33970185665859143
2025-03-17 11:35:10,563.22,low,Buy->Sell,True,565.94,2025-03-17 13:27:09,0.48293739568907834,111.98333333333333,1.0,True,565.94,2025-03-17 13:27:09,0.48293739568907834
2025-03-17 15:57:08,567.56,high,Other,False,,,,,,True,563.2,2025-03-19 09:48:47,-0.7682007188667103
2025-03-18 10:15:47,560.49,low,Other,True,563.2,2025-03-19 09:48:47,0.4835055041124795,1413.0,7.0,True,563.2,2025-03-19 09:48:47,0.4835055041124795
2025-03-18 11:22:47,559.75,medium,Other,True,563.2,2025-03-19 09:48:47,0.6163465832961225,1346.0,6.0,True,563.2,2025-03-19 09:48:47,0.6163465832961225
2025-03-18 11:57:47,559.1,low,Other,True,563.2,2025-03-19 09:48:47,0.7333214094079811,1311.0,5.0,True,563.2,2025-03-19 09:48:47,0.7333214094079811
2025-03-18 12:53:47,559.8201,low,Buy->Buy->Buy->Buy->Sell,True,563.2,2025-03-19 09:48:47,0.6037475253210846,1255.0,4.0,True,563.2,2025-03-19 09:48:47,0.6037475253210846
2025-03-18 13:24:49,560.66,medium,Buy->Buy->Buy->Sell,True,563.2,2025-03-19 09:48:47,0.453037491527856,1223.9666666666667,3.0,True,563.2,2025-03-19 09:48:47,0.453037491527856
2025-03-18 15:01:48,561.02,high,Buy->Buy->Sell,True,563.2,2025-03-19 09:48:47,0.3885779473102677,1126.9833333333333,2.0,True,563.2,2025-03-19 09:48:47,0.3885779473102677
2025-03-18 15:48:47,559.95,low,Buy->Sell,True,563.2,2025-03-19 09:48:47,0.5804089650861683,1080.0,1.0,True,563.2,2025-03-19 09:48:47,0.5804089650861683
2025-03-19 10:52:46,563.67,high,Buy->Sell,True,564.6054,2025-03-19 11:35:47,0.1659481611581373,43.016666666666666,1.0,True,564.6054,2025-03-19 11:35:47,0.1659481611581373
2025-03-19 12:57:47,564.8,high,Buy->Buy->Buy->Sell,True,565.34,2025-03-19 14:17:46,0.09560906515582106,79.98333333333333,3.0,True,565.34,2025-03-19 14:17:46,0.09560906515582106
2025-03-19 13:06:46,564.54,high,Buy->Buy->Sell,True,565.34,2025-03-19 14:17:46,0.14170829347788788,71.0,2.0,True,565.34,2025-03-19 14:17:46,0.14170829347788788
2025-03-19 13:31:47,563.12,high,Buy->Sell,True,565.34,2025-03-19 14:17:46,0.39423213524648876,45.983333333333334,1.0,True,565.34,2025-03-19 14:17:46,0.39423213524648876
2025-03-19 15:59:48,567.01,high,Buy->Sell,False,,,,,,True,564.4,2025-03-20 09:38:56,-0.4603093419869162
2025-03-20 12:18:56,567.81,high,Other,False,,,,,,True,560.09,2025-03-21 09:43:31,-1.3596097286063848
2025-03-20 12:29:56,566.24,medium,Other,False,,,,,,True,560.09,2025-03-21 09:43:31,-1.0861118960158198
2025-03-20 13:01:56,566.21,medium,Other,False,,,,,,True,560.09,2025-03-21 09:43:31,-1.0808710549089569
2025-03-20 13:28:57,564.76,low,Buy->Buy->Buy->Buy->Sell,False,,,,,,True,560.09,2025-03-21 09:43:31,-0.8268999220907924
2025-03-20 14:03:56,565.53,high,Buy->Buy->Buy->Sell,False,,,,,,True,560.09,2025-03-21 09:43:31,-0.9619295174438034
2025-03-20 14:22:55,564.87,medium,Buy->Buy->Sell,False,,,,,,True,560.09,2025-03-21 09:43:31,-0.8462124028537491
2025-03-20 15:30:59,565.28,low,Buy->Sell,False,,,,,,True,560.09,2025-03-21 09:43:31,-0.9181290687800633
2025-03-21 09:50:31,559.82,high,Buy->Buy->Sell,False,,,,,,True,559.31,2025-03-21 10:41:32,-0.09110071094282171
2025-03-21 10:04:33,559.4,low,Buy->Sell,False,,,,,,True,559.31,2025-03-21 10:41:32,-0.016088666428321744
2025-03-21 11:23:32,560.021,high,Buy->Buy->Sell,True,561.1311,2025-03-21 12:13:31,0.19822470943053722,49.983333333333334,2.0,True,561.1311,2025-03-21 12:13:31,0.19822470943053722
2025-03-21 11:55:31,559.73,high,Buy->Sell,True,561.1311,2025-03-21 12:13:31,0.2503171171814854,18.0,1.0,True,561.1311,2025-03-21 12:13:31,0.2503171171814854
2025-03-21 13:30:31,562.03,high,Buy->Sell,True,563.16,2025-03-21 13:45:32,0.20105688308453204,15.016666666666667,1.0,True,563.16,2025-03-21 13:45:32,0.20105688308453204
2025-03-24 12:26:49,573.44,high,Buy->Buy->Buy->Buy->Sell,True,574.03,2025-03-24 15:41:48,0.10288783482141428,194.98333333333332,4.0,True,574.03,2025-03-24 15:41:48,0.10288783482141428
2025-03-24 13:11:48,572.72,high,Buy->Buy->Buy->Sell,True,574.03,2025-03-24 15:41:48,0.22873306327698445,150.0,3.0,True,574.03,2025-03-24 15:41:48,0.22873306327698445
2025-03-24 14:04:52,572.3076,medium,Buy->Buy->Sell,True,574.03,2025-03-24 15:41:48,0.30095703778876837,96.93333333333334,2.0,True,574.03,2025-03-24 15:41:48,0.30095703778876837
2025-03-24 15:12:49,573.92,high,Buy->Sell,True,574.03,2025-03-24 15:41:48,0.019166434346252727,28.983333333333334,1.0,True,574.03,2025-03-24 15:41:48,0.019166434346252727
2025-03-25 09:44:51,574.78,low,Buy->Buy->Sell,True,575.41,2025-03-25 10:23:47,0.10960715404154556,38.93333333333333,2.0,True,575.41,2025-03-25 10:23:47,0.10960715404154556
2025-03-25 10:05:49,574.51,low,Buy->Sell,True,575.41,2025-03-25 10:23:47,0.15665523663643405,17.966666666666665,1.0,True,575.41,2025-03-25 10:23:47,0.15665523663643405
2025-03-25 11:29:49,575.69,high,Other,True,575.81,2025-03-26 09:39:53,0.020844551755266002,1330.0666666666666,11.0,True,575.81,2025-03-26 09:39:53,0.020844551755266002
2025-03-25 12:07:48,574.6801,low,Other,True,575.81,2025-03-26 09:39:53,0.19661373344925406,1292.0833333333333,10.0,True,575.81,2025-03-26 09:39:53,0.19661373344925406
2025-03-25 12:22:48,574.78,low,Other,True,575.81,2025-03-26 09:39:53,0.17919899787744403,1277.0833333333333,9.0,True,575.81,2025-03-26 09:39:53,0.17919899787744403
2025-03-25 12:28:48,574.57,low,Other,True,575.81,2025-03-26 09:39:53,0.2158135649267966,1271.0833333333333,8.0,True,575.81,2025-03-26 09:39:53,0.2158135649267966
2025-03-25 12:49:51,574.65,low,Other,True,575.81,2025-03-26 09:39:53,0.20186200295831694,1250.0333333333333,7.0,True,575.81,2025-03-26 09:39:53,0.20186200295831694
2025-03-25 13:21:48,574.6,low,Other,True,575.81,2025-03-26 09:39:53,0.21058127392967677,1218.0833333333333,6.0,True,575.81,2025-03-26 09:39:53,0.21058127392967677
2025-03-25 13:48:48,574.35,low,Other,True,575.81,2025-03-26 09:39:53,0.25420040045267217,1191.0833333333333,5.0,True,575.81,2025-03-26 09:39:53,0.25420040045267217
2025-03-25 14:07:49,573.9,low,Buy->Buy->Buy->Buy->Sell,True,575.81,2025-03-26 09:39:53,0.33281059418016523,1172.0666666666666,4.0,True,575.81,2025-03-26 09:39:53,0.33281059418016523
2025-03-25 15:04:50,574.335,low,Buy->Buy->Buy->Sell,True,575.81,2025-03-26 09:39:53,0.25681875560429174,1115.05,3.0,True,575.81,2025-03-26 09:39:53,0.25681875560429174
2025-03-25 15:31:51,574.47,low,Buy->Buy->Sell,True,575.81,2025-03-26 09:39:53,0.23325848173097255,1088.0333333333333,2.0,True,575.81,2025-03-26 09:39:53,0.23325848173097255
2025-03-25 15:36:49,574.39,low,Buy->Sell,True,575.81,2025-03-26 09:39:53,0.2472187886279286,1083.0666666666666,1.0,True,575.81,2025-03-26 09:39:53,0.2472187886279286
2025-03-26 09:47:51,575.17,high,Other,False,,,,,,True,568.81,2025-03-27 10:00:05,-1.1057600361632236
2025-03-26 09:59:53,573.63,low,Other,False,,,,,,True,568.81,2025-03-27 10:00:05,-0.8402628872269668
2025-03-26 10:18:51,573.65,low,Other,False,,,,,,True,568.81,2025-03-27 10:00:05,-0.8437200383509165
2025-03-26 10:53:51,573.785,low,Other,False,,,,,,True,568.81,2025-03-27 10:00:05,-0.8670495046053877
2025-03-26 11:22:51,572.94,medium,Other,False,,,,,,True,568.81,2025-03-27 10:00:05,-0.7208433692882517
2025-03-26 11:29:54,572.34,low,Other,False,,,,,,True,568.81,2025-03-27 10:00:05,-0.6167662578187941
2025-03-26 11:47:51,572.1,low,Other,False,,,,,,True,568.81,2025-03-27 10:00:05,-0.575074287711952
2025-03-26 12:27:51,570.8099,low,Other,False,,,,,,True,568.81,2025-03-27 10:00:05,-0.3503618279921258
2025-03-26 12:53:51,570.0632,low,Other,False,,,,,,True,568.81,2025-03-27 10:00:05,-0.21983527440468115
2025-03-26 13:02:53,569.92,low,Other,False,,,,,,True,568.81,2025-03-27 10:00:05,-0.19476417742841343
2025-03-26 13:32:51,568.38,low,Other,True,568.81,2025-03-27 10:00:05,0.07565361202011858,1227.2333333333333,6.0,True,568.81,2025-03-27 10:00:05,0.07565361202011858
2025-03-26 13:53:52,568.33,low,Other,True,568.81,2025-03-27 10:00:05,0.08445797336053076,1206.2166666666667,5.0,True,568.81,2025-03-27 10:00:05,0.08445797336053076
2025-03-26 14:48:52,567.34,low,Buy->Buy->Buy->Buy->Sell,True,568.81,2025-03-27 10:00:05,0.25910388832092107,1151.2166666666667,4.0,True,568.81,2025-03-27 10:00:05,0.25910388832092107
2025-03-26 15:06:51,567.55,low,Buy->Buy->Buy->Sell,True,568.81,2025-03-27 10:00:05,0.22200687164126348,1133.2333333333333,3.0,True,568.81,2025-03-27 10:00:05,0.22200687164126348
2025-03-26 15:29:54,567.7,low,Buy->Buy->Sell,True,568.81,2025-03-27 10:00:05,0.19552580588337148,1110.1833333333334,2.0,True,568.81,2025-03-27 10:00:05,0.19552580588337148
2025-03-27 09:39:02,565.385,low,Buy->Sell,True,568.81,2025-03-27 10:00:05,0.6057819008286309,21.05,1.0,True,568.81,2025-03-27 10:00:05,0.6057819008286309
2025-03-27 11:32:02,569.4,high,Buy->Sell,True,569.52,2025-03-27 12:21:02,0.02107481559536434,49.0,1.0,True,569.52,2025-03-27 12:21:02,0.02107481559536434
2025-03-27 12:57:04,566.82,medium,Buy->Buy->Sell,True,569.7497,2025-03-27 15:23:04,0.516866024487476,146.0,2.0,True,569.7497,2025-03-27 15:23:04,0.516866024487476
2025-03-27 13:33:03,567.44,high,Buy->Sell,True,569.7497,2025-03-27 15:23:04,0.40703862963483484,110.01666666666667,1.0,True,569.7497,2025-03-27 15:23:04,0.40703862963483484
2025-03-27 15:52:04,567.69,medium,Buy->Sell,False,,,,,,True,566.125,2025-03-28 09:42:03,-0.27567862741990423
2025-03-28 10:14:03,561.38,low,Other,False,,,,,,True,550.09,2025-03-31 09:57:50,-2.0111154654601098
2025-03-28 10:33:03,559.0,low,Other,False,,,,,,True,550.09,2025-03-31 09:57:50,-1.5939177101967743
2025-03-28 10:52:04,558.78,low,Other,False,,,,,,True,550.09,2025-03-31 09:57:50,-1.5551737714306062
2025-03-28 11:07:03,558.14,low,Other,False,,,,,,True,550.09,2025-03-31 09:57:50,-1.442290464757938
2025-03-28 11:50:05,559.07,low,Other,False,,,,,,True,550.09,2025-03-31 09:57:50,-1.6062389325129263
2025-03-28 12:24:03,556.8387,low,Other,False,,,,,,True,550.09,2025-03-31 09:57:50,-1.2119667688326952
2025-03-28 12:47:02,557.12,low,Other,False,,,,,,True,550.09,2025-03-31 09:57:50,-1.2618466398621433
2025-03-28 13:06:04,555.96,low,Other,False,,,,,,True,550.09,2025-03-31 09:57:50,-1.0558313547737255
2025-03-28 13:40:06,555.75,low,Other,False,,,,,,True,550.09,2025-03-31 09:57:50,-1.0184435447593285
2025-03-28 14:35:05,555.995,low,Other,False,,,,,,True,550.09,2025-03-31 09:57:50,-1.062059910610702
2025-03-28 14:48:03,555.372,low,Other,False,,,,,,True,550.09,2025-03-31 09:57:50,-0.9510742349272066
2025-03-28 15:20:06,555.909,high,Buy->Buy->Buy->Buy->Sell,False,,,,,,True,550.09,2025-03-31 09:57:50,-1.0467540550701573
2025-03-28 15:36:03,555.36,low,Buy->Buy->Buy->Sell,False,,,,,,True,550.09,2025-03-31 09:57:50,-0.9489340247767181
2025-03-28 15:52:04,555.73,low,Buy->Buy->Sell,False,,,,,,True,550.09,2025-03-31 09:57:50,-1.0148813272632369
2025-03-31 09:38:48,549.0899,low,Buy->Sell,True,550.09,2025-03-31 09:57:50,0.18213775194191129,19.033333333333335,1.0,True,550.09,2025-03-31 09:57:50,0.18213775194191129
2025-03-31 10:27:49,549.69,high,Buy->Sell,True,553.3553,2025-03-31 11:38:49,0.6667940111699324,71.0,1.0,True,553.3553,2025-03-31 11:38:49,0.6667940111699324
2025-04-01 09:42:51,556.475,low,Buy->Buy->Sell,True,558.03,2025-04-01 10:46:48,0.2794375308863741,63.95,2.0,True,558.03,2025-04-01 10:46:48,0.2794375308863741
2025-04-01 10:08:49,555.21,low,Buy->Sell,True,558.03,2025-04-01 10:46:48,0.5079159237045328,37.983333333333334,1.0,True,558.03,2025-04-01 10:46:48,0.5079159237045328
2025-04-01 12:31:50,560.5477,high,Other,True,560.73,2025-04-01 15:55:49,0.03252176398191532,203.98333333333332,5.0,True,560.73,2025-04-01 15:55:49,0.03252176398191532
2025-04-01 13:19:50,559.77,high,Buy->Buy->Buy->Buy->Sell,True,560.73,2025-04-01 15:55:49,0.1714990085213635,155.98333333333332,4.0,True,560.73,2025-04-01 15:55:49,0.1714990085213635
2025-04-01 13:57:50,559.465,high,Buy->Buy->Buy->Sell,True,560.73,2025-04-01 15:55:49,0.22610887186865777,117.98333333333333,3.0,True,560.73,2025-04-01 15:55:49,0.22610887186865777
2025-04-01 14:02:49,557.92,medium,Buy->Buy->Sell,True,560.73,2025-04-01 15:55:49,0.5036564381990355,113.0,2.0,True,560.73,2025-04-01 15:55:49,0.5036564381990355
2025-04-01 14:24:51,556.43,medium,Buy->Sell,True,560.73,2025-04-01 15:55:49,0.7727836385529301,90.96666666666667,1.0,True,560.73,2025-04-01 15:55:49,0.7727836385529301
2025-04-02 13:46:50,564.11,high,Buy->Buy->Sell,True,565.39,2025-04-02 15:56:50,0.22690609987413315,130.0,2.0,True,565.39,2025-04-02 15:56:50,0.22690609987413315
2025-04-02 14:05:50,562.837,high,Buy->Sell,True,565.39,2025-04-02 15:56:50,0.4535949129143957,111.0,1.0,True,565.39,2025-04-02 15:56:50,0.4535949129143957
2025-04-03 10:17:33,543.075,medium,Buy->Buy->Sell,True,545.19,2025-04-03 12:30:33,0.389448971136585,133.0,2.0,True,545.19,2025-04-03 12:30:33,0.389448971136585
2025-04-03 10:48:33,541.16,low,Buy->Sell,True,545.19,2025-04-03 12:30:33,0.7446965777219466,102.0,1.0,True,545.19,2025-04-03 12:30:33,0.7446965777219466
2025-04-03 12:37:35,544.53,high,Other,False,,,,,,True,522.48,2025-04-04 09:48:48,-4.0493636714230545
2025-04-03 13:17:32,543.08,high,Other,False,,,,,,True,522.48,2025-04-04 09:48:48,-3.793179642041692
2025-04-03 13:29:35,542.26,medium,Other,False,,,,,,True,522.48,2025-04-04 09:48:48,-3.6476966768708685
2025-04-03 14:08:34,541.33,low,Other,False,,,,,,True,522.48,2025-04-04 09:48:48,-3.4821642990412545
2025-04-03 14:26:34,540.53,medium,Other,False,,,,,,True,522.48,2025-04-04 09:48:48,-3.3393151166447663
2025-04-03 15:17:34,538.9,medium,Buy->Buy->Buy->Buy->Sell,False,,,,,,True,522.48,2025-04-04 09:48:48,-3.046947485618846
2025-04-03 15:35:34,538.27,low,Buy->Buy->Buy->Sell,False,,,,,,True,522.48,2025-04-04 09:48:48,-2.93347204934326
2025-04-03 15:57:35,537.71,medium,Buy->Buy->Sell,False,,,,,,True,522.48,2025-04-04 09:48:48,-2.832381767123546
2025-04-04 09:39:49,521.67,low,Buy->Sell,True,522.48,2025-04-04 09:48:48,0.15527057335098035,8.983333333333333,1.0,True,522.48,2025-04-04 09:48:48,0.15527057335098035
2025-04-04 10:16:46,518.11,low,Other,False,,,,,,True,491.69,2025-04-07 09:53:44,-5.0993032367643965
2025-04-04 12:17:47,513.54,low,Other,False,,,,,,True,491.69,2025-04-07 09:53:44,-4.254780542898307
2025-04-04 12:35:47,512.11,low,Other,False,,,,,,True,491.69,2025-04-07 09:53:44,-3.987424576751092
2025-04-04 13:06:47,511.472,medium,Buy->Buy->Buy->Buy->Sell,False,,,,,,True,491.69,2025-04-07 09:53:44,-3.8676603997872774
2025-04-04 14:10:47,512.51,low,Buy->Buy->Buy->Sell,False,,,,,,True,491.69,2025-04-07 09:53:44,-4.062359758833973
2025-04-04 14:32:49,508.21,low,Buy->Buy->Sell,False,,,,,,True,491.69,2025-04-07 09:53:44,-3.2506247417406153
2025-04-04 15:53:48,506.6,low,Buy->Sell,False,,,,,,True,491.69,2025-04-07 09:53:44,-2.9431504145282323
2025-04-07 10:35:45,497.24,high,Other,True,520.335,2025-04-08 09:45:48,4.64463840399003,1390.05,7.0,True,520.335,2025-04-08 09:45:48,4.64463840399003
2025-04-07 11:25:44,495.08,medium,Other,True,520.335,2025-04-08 09:45:48,5.101195766340804,1340.0666666666666,6.0,True,520.335,2025-04-08 09:45:48,5.101195766340804
2025-04-07 12:23:44,496.69,medium,Other,True,520.335,2025-04-08 09:45:48,4.760514606696337,1282.0666666666666,5.0,True,520.335,2025-04-08 09:45:48,4.760514606696337
2025-04-07 14:33:45,505.34,high,Buy->Buy->Buy->Buy->Sell,True,520.335,2025-04-08 09:45:48,2.9673091384018804,1152.05,4.0,True,520.335,2025-04-08 09:45:48,2.9673091384018804
2025-04-07 14:57:44,503.71,medium,Buy->Buy->Buy->Sell,True,520.335,2025-04-08 09:45:48,3.300510214210569,1128.0666666666666,3.0,True,520.335,2025-04-08 09:45:48,3.300510214210569
2025-04-07 15:16:44,501.64,medium,Buy->Buy->Sell,True,520.335,2025-04-08 09:45:48,3.726776174148802,1109.0666666666666,2.0,True,520.335,2025-04-08 09:45:48,3.726776174148802
2025-04-08 09:41:48,518.65,low,Buy->Sell,True,520.335,2025-04-08 09:45:48,0.3248819049455431,4.0,1.0,True,520.335,2025-04-08 09:45:48,0.3248819049455431
2025-04-08 10:49:50,520.83,medium,Other,False,,,,,,True,501.24,2025-04-09 09:56:47,-3.7613040723460687
2025-04-08 11:57:47,516.68,medium,Other,False,,,,,,True,501.24,2025-04-09 09:56:47,-2.9883099790973024
2025-04-08 12:16:47,514.56,low,Other,False,,,,,,True,501.24,2025-04-09 09:56:47,-2.5886194029850627
2025-04-08 12:23:50,512.23,low,Other,False,,,,,,True,501.24,2025-04-09 09:56:47,-2.1455205669328246
2025-04-08 12:52:48,510.23,medium,Other,False,,,,,,True,501.24,2025-04-09 09:56:47,-1.7619504929149616
2025-04-08 13:12:48,504.32,low,Other,False,,,,,,True,501.24,2025-04-09 09:56:47,-0.610723350253804
2025-04-08 13:37:48,503.76,medium,Buy->Buy->Buy->Buy->Sell,False,,,,,,True,501.24,2025-04-09 09:56:47,-0.500238208670792
2025-04-08 14:13:48,503.14,low,Buy->Buy->Buy->Sell,False,,,,,,True,501.24,2025-04-09 09:56:47,-0.37762849306355634
2025-04-08 15:08:49,498.61,low,Buy->Buy->Sell,True,501.24,2025-04-09 09:56:47,0.5274663564709885,1127.9666666666667,2.0,True,501.24,2025-04-09 09:56:47,0.5274663564709885
2025-04-08 15:48:48,490.15,low,Buy->Sell,True,501.24,2025-04-09 09:56:47,2.262572681832099,1087.9833333333333,1.0,True,501.24,2025-04-09 09:56:47,2.262572681832099
2025-04-09 10:15:47,497.53,high,Buy->Buy->Buy->Sell,True,500.87,2025-04-09 12:51:47,0.671316302534527,156.0,3.0,True,500.87,2025-04-09 12:51:47,0.671316302534527
2025-04-09 10:52:48,493.83,low,Buy->Buy->Sell,True,500.87,2025-04-09 12:51:47,1.4255918028471377,118.98333333333333,2.0,True,500.87,2025-04-09 12:51:47,1.4255918028471377
2025-04-09 11:44:48,495.275,low,Buy->Sell,True,500.87,2025-04-09 12:51:47,1.1296754328403469,66.98333333333333,1.0,True,500.87,2025-04-09 12:51:47,1.1296754328403469
2025-04-10 09:39:04,531.33,low,Buy->Sell,False,,,,,,True,530.73,2025-04-10 09:54:04,-0.11292417141889649
2025-04-10 11:17:06,525.62,low,Other,True,527.19,2025-04-11 09:49:41,0.29869487462426275,1352.5833333333333,6.0,True,527.19,2025-04-11 09:49:41,0.29869487462426275
2025-04-10 12:02:04,518.01,low,Other,True,527.19,2025-04-11 09:49:41,1.7721665604911225,1307.6166666666666,5.0,True,527.19,2025-04-11 09:49:41,1.7721665604911225
2025-04-10 13:15:07,514.57,low,Buy->Buy->Buy->Buy->Sell,True,527.19,2025-04-11 09:49:41,2.452533183046039,1234.5666666666666,4.0,True,527.19,2025-04-11 09:49:41,2.452533183046039
2025-04-10 14:17:07,522.18,high,Buy->Buy->Buy->Sell,True,527.19,2025-04-11 09:49:41,0.9594392738136476,1172.5666666666666,3.0,True,527.19,2025-04-11 09:49:41,0.9594392738136476
2025-04-10 14:54:05,524.62,high,Buy->Buy->Sell,True,527.19,2025-04-11 09:49:41,0.48987838816668255,1135.6,2.0,True,527.19,2025-04-11 09:49:41,0.48987838816668255
2025-04-10 15:45:10,520.0575,medium,Buy->Sell,True,527.19,2025-04-11 09:49:41,1.3714829610187431,1084.5166666666667,1.0,True,527.19,2025-04-11 09:49:41,1.3714829610187431
2025-04-11 10:13:37,525.8406,high,Buy->Buy->Buy->Sell,True,530.79,2025-04-11 12:41:38,0.9412358041581362,148.01666666666668,3.0,True,530.79,2025-04-11 12:41:38,0.9412358041581362
2025-04-11 10:24:42,522.0,low,Buy->Buy->Sell,True,530.79,2025-04-11 12:41:38,1.6839080459770044,136.93333333333334,2.0,True,530.79,2025-04-11 12:41:38,1.6839080459770044
2025-04-11 11:12:38,522.8304,high,Buy->Sell,True,530.79,2025-04-11 12:41:38,1.5224057361622256,89.0,1.0,True,530.79,2025-04-11 12:41:38,1.5224057361622256
2025-04-11 14:27:38,532.24,high,Buy->Sell,True,533.97,2025-04-11 15:03:38,0.3250413347362126,36.0,1.0,True,533.97,2025-04-11 15:03:38,0.3250413347362126
2025-04-14 09:59:47,540.47,medium,Buy->Sell,True,543.32,2025-04-14 10:51:46,0.5273188151053755,51.983333333333334,1.0,True,543.32,2025-04-14 10:51:46,0.5273188151053755
2025-04-14 11:07:46,541.08,medium,Buy->Buy->Buy->Sell,True,542.485,2025-04-14 15:13:46,0.2596658534782237,246.0,3.0,True,542.485,2025-04-14 15:13:46,0.2596658534782237
2025-04-14 11:28:46,538.78,low,Buy->Buy->Sell,True,542.485,2025-04-14 15:13:46,0.6876647240060955,225.0,2.0,True,542.485,2025-04-14 15:13:46,0.6876647240060955
2025-04-14 13:03:46,535.96,medium,Buy->Sell,True,542.485,2025-04-14 15:13:46,1.2174416001194077,130.0,1.0,True,542.485,2025-04-14 15:13:46,1.2174416001194077
2025-04-14 15:57:46,538.54,medium,Buy->Sell,True,540.6102,2025-04-15 09:37:53,0.38440970030081334,1060.1166666666666,1.0,True,540.6102,2025-04-15 09:37:53,0.38440970030081334
2025-04-15 09:58:50,541.93,high,Other,False,,,,,,True,534.64,2025-04-16 11:29:49,-1.3451921834923264
2025-04-15 10:39:53,539.9,medium,Other,False,,,,,,True,534.64,2025-04-16 11:29:49,-0.9742544915725118
2025-04-15 11:28:51,540.432,medium,Other,False,,,,,,True,534.64,2025-04-16 11:29:49,-1.071735204429055
2025-04-15 11:45:52,540.7386,medium,Other,False,,,,,,True,534.64,2025-04-16 11:29:49,-1.1278277526331637
2025-04-15 12:55:50,538.8588,low,Other,False,,,,,,True,534.64,2025-04-16 11:29:49,-0.7829138171261167
2025-04-15 13:10:51,539.245,medium,Other,False,,,,,,True,534.64,2025-04-16 11:29:49,-0.8539717568081332
2025-04-15 14:15:51,536.82,medium,Buy->Buy->Buy->Buy->Sell,False,,,,,,True,534.64,2025-04-16 11:29:49,-0.4060951529376818
2025-04-15 15:02:51,538.33,high,Buy->Buy->Buy->Sell,False,,,,,,True,534.64,2025-04-16 11:29:49,-0.6854531607006955
2025-04-15 15:49:52,537.76,medium,Buy->Buy->Sell,False,,,,,,True,534.64,2025-04-16 11:29:49,-0.580184468908064
2025-04-16 10:14:50,530.15,medium,Buy->Sell,True,534.64,2025-04-16 11:29:49,0.8469301141186474,74.98333333333333,1.0,True,534.64,2025-04-16 11:29:49,0.8469301141186474
2025-04-16 12:40:46,530.5401,low,Other,False,,,,,,True,528.43,2025-04-17 09:56:47,-0.39772676938088225
2025-04-16 12:59:48,530.89,low,Other,False,,,,,,True,528.43,2025-04-17 09:56:47,-0.46337282676261304
2025-04-16 13:32:46,529.25,low,Buy->Buy->Buy->Buy->Sell,False,,,,,,True,528.43,2025-04-17 09:56:47,-0.154936230514889
2025-04-16 14:05:49,525.635,medium,Buy->Buy->Buy->Sell,True,528.43,2025-04-17 09:56:47,0.5317378028479761,1190.9666666666667,3.0,True,528.43,2025-04-17 09:56:47,0.5317378028479761
2025-04-16 14:39:48,524.1356,low,Buy->Buy->Sell,True,528.43,2025-04-17 09:56:47,0.819329959651662,1156.9833333333333,2.0,True,528.43,2025-04-17 09:56:47,0.819329959651662
2025-04-16 15:24:49,520.7327,low,Buy->Sell,True,528.43,2025-04-17 09:56:47,1.4781672055547745,1111.9666666666667,1.0,True,528.43,2025-04-17 09:56:47,1.4781672055547745
2025-04-17 10:31:46,524.98,low,Other,False,,,,,,True,523.0,2025-04-22 10:09:52,-0.3771572250371477
2025-04-17 13:43:47,528.19,high,Other,False,,,,,,True,523.0,2025-04-22 10:09:52,-0.9826009579886129
2025-04-17 14:48:47,530.03,high,Other,False,,,,,,True,523.0,2025-04-22 10:09:52,-1.3263400184895144
2025-04-17 15:48:48,526.8555,medium,Other,False,,,,,,True,523.0,2025-04-22 10:09:52,-0.7317945812466619
2025-04-21 09:45:04,519.36,low,Other,True,523.0,2025-04-22 10:09:52,0.700862600123226,1464.8,13.0,True,523.0,2025-04-22 10:09:52,0.700862600123226
2025-04-21 10:01:01,516.88,low,Other,True,523.0,2025-04-22 10:09:52,1.1840272403652694,1448.85,12.0,True,523.0,2025-04-22 10:09:52,1.1840272403652694
2025-04-21 10:22:02,515.3,low,Other,True,523.0,2025-04-22 10:09:52,1.4942751795070923,1427.8333333333333,11.0,True,523.0,2025-04-22 10:09:52,1.4942751795070923
2025-04-21 10:52:02,514.71,low,Other,True,523.0,2025-04-22 10:09:52,1.610615686503072,1397.8333333333333,10.0,True,523.0,2025-04-22 10:09:52,1.610615686503072
2025-04-21 11:08:01,514.17,low,Other,True,523.0,2025-04-22 10:09:52,1.7173308438843264,1381.85,9.0,True,523.0,2025-04-22 10:09:52,1.7173308438843264
2025-04-21 11:26:04,513.36,low,Other,True,523.0,2025-04-22 10:09:52,1.8778245285959145,1363.8,8.0,True,523.0,2025-04-22 10:09:52,1.8778245285959145
2025-04-21 11:33:01,512.475,low,Other,True,523.0,2025-04-22 10:09:52,2.0537587199375533,1356.85,7.0,True,523.0,2025-04-22 10:09:52,2.0537587199375533
2025-04-21 11:54:00,511.16,low,Other,True,523.0,2025-04-22 10:09:52,2.3163001799827794,1335.8666666666666,6.0,True,523.0,2025-04-22 10:09:52,2.3163001799827794
2025-04-21 13:06:02,510.16,low,Other,True,523.0,2025-04-22 10:09:52,2.516857456484235,1263.8333333333333,5.0,True,523.0,2025-04-22 10:09:52,2.516857456484235
2025-04-21 13:21:01,510.42,low,Buy->Buy->Buy->Buy->Sell,True,523.0,2025-04-22 10:09:52,2.4646369656361395,1248.85,4.0,True,523.0,2025-04-22 10:09:52,2.4646369656361395
2025-04-21 14:05:04,508.68,low,Buy->Buy->Buy->Sell,True,523.0,2025-04-22 10:09:52,2.8151293544074845,1204.8,3.0,True,523.0,2025-04-22 10:09:52,2.8151293544074845
2025-04-21 15:04:01,509.68,high,Buy->Buy->Sell,True,523.0,2025-04-22 10:09:52,2.613404489091193,1145.85,2.0,True,523.0,2025-04-22 10:09:52,2.613404489091193
2025-04-22 09:54:53,521.25,high,Buy->Sell,True,523.0,2025-04-22 10:09:52,0.3357314148681055,14.983333333333333,1.0,True,523.0,2025-04-22 10:09:52,0.3357314148681055
2025-04-22 13:13:50,525.81,high,Buy->Buy->Buy->Buy->Sell,True,527.36,2025-04-22 15:58:50,0.29478328673856874,165.0,4.0,True,527.36,2025-04-22 15:58:50,0.29478328673856874
2025-04-22 13:17:50,524.54,medium,Buy->Buy->Buy->Sell,True,527.36,2025-04-22 15:58:50,0.5376139093300892,161.0,3.0,True,527.36,2025-04-22 15:58:50,0.5376139093300892
2025-04-22 13:33:50,522.44,medium,Buy->Buy->Sell,True,527.36,2025-04-22 15:58:50,0.9417349360692058,145.0,2.0,True,527.36,2025-04-22 15:58:50,0.9417349360692058
2025-04-22 15:18:50,524.9584,medium,Buy->Sell,True,527.36,2025-04-22 15:58:50,0.45748386919802225,40.0,1.0,True,527.36,2025-04-22 15:58:50,0.45748386919802225
2025-04-23 10:05:01,542.87,low,Other,False,,,,,,True,538.27,2025-04-24 09:50:01,-0.8473483522758714
2025-04-23 10:25:01,543.29,high,Other,False,,,,,,True,538.27,2025-04-24 09:50:01,-0.9240000736255006
2025-04-23 11:05:02,542.62,medium,Other,False,,,,,,True,538.27,2025-04-24 09:50:01,-0.8016659909328854
2025-04-23 11:20:01,540.99,low,Other,False,,,,,,True,538.27,2025-04-24 09:50:01,-0.5027819368195396
2025-04-23 11:51:01,536.38,low,Other,True,538.27,2025-04-24 09:50:01,0.3523621313248045,1319.0,6.0,True,538.27,2025-04-24 09:50:01,0.3523621313248045
2025-04-23 12:17:01,535.66,low,Other,True,538.27,2025-04-24 09:50:01,0.4872493746032957,1293.0,5.0,True,538.27,2025-04-24 09:50:01,0.4872493746032957
2025-04-23 13:01:02,537.75,medium,Buy->Buy->Buy->Buy->Sell,True,538.27,2025-04-24 09:50:01,0.09669920966991759,1248.9833333333333,4.0,True,538.27,2025-04-24 09:50:01,0.09669920966991759
2025-04-23 13:36:03,537.37,medium,Buy->Buy->Buy->Sell,True,538.27,2025-04-24 09:50:01,0.16748236782849382,1213.9666666666667,3.0,True,538.27,2025-04-24 09:50:01,0.16748236782849382
2025-04-23 14:09:01,537.92,high,Buy->Buy->Sell,True,538.27,2025-04-24 09:50:01,0.06506543723974248,1181.0,2.0,True,538.27,2025-04-24 09:50:01,0.06506543723974248
2025-04-23 15:22:02,534.63,low,Buy->Sell,True,538.27,2025-04-24 09:50:01,0.6808446963320401,1107.9833333333333,1.0,True,538.27,2025-04-24 09:50:01,0.6808446963320401
2025-04-25 11:44:55,545.9,high,Buy->Sell,True,547.63,2025-04-25 12:12:49,0.31690785858216125,27.9,1.0,True,547.63,2025-04-25 12:12:49,0.31690785858216125
2025-04-25 13:46:50,548.58,high,Buy->Sell,True,550.24,2025-04-25 14:36:51,0.3025994385504335,50.016666666666666,1.0,True,550.24,2025-04-25 14:36:51,0.3025994385504335
2025-04-25 15:31:51,549.35,high,Buy->Sell,True,550.61,2025-04-25 15:54:53,0.22936197324110144,23.033333333333335,1.0,True,550.61,2025-04-25 15:54:53,0.22936197324110144
2025-04-28 09:52:53,552.26,high,Other,False,,,,,,True,550.15,2025-04-29 09:43:29,-0.3820664179915282
2025-04-28 10:09:56,551.0652,high,Other,False,,,,,,True,550.15,2025-04-29 09:43:29,-0.16607835152719264
2025-04-28 10:55:52,550.935,high,Other,False,,,,,,True,550.15,2025-04-29 09:43:29,-0.14248504814541973
2025-04-28 11:10:53,549.13,low,Other,True,550.15,2025-04-29 09:43:29,0.18574836559648567,1352.6,6.0,True,550.15,2025-04-29 09:43:29,0.18574836559648567
2025-04-28 11:23:53,548.2412,low,Other,True,550.15,2025-04-29 09:43:29,0.3481679231695699,1339.6,5.0,True,550.15,2025-04-29 09:43:29,0.3481679231695699
2025-04-28 11:40:53,548.43,medium,Buy->Buy->Buy->Buy->Sell,True,550.15,2025-04-29 09:43:29,0.31362252247324685,1322.6,4.0,True,550.15,2025-04-29 09:43:29,0.31362252247324685
2025-04-28 12:38:54,546.47,low,Buy->Buy->Buy->Sell,True,550.15,2025-04-29 09:43:29,0.6734129961388456,1264.5833333333333,3.0,True,550.15,2025-04-29 09:43:29,0.6734129961388456
2025-04-28 13:31:53,545.13,medium,Buy->Buy->Sell,True,550.15,2025-04-29 09:43:29,0.9208812576816506,1211.6,2.0,True,550.15,2025-04-29 09:43:29,0.9208812576816506
2025-04-29 09:37:30,549.38,low,Buy->Sell,True,550.15,2025-04-29 09:43:29,0.1401579962867199,5.983333333333333,1.0,True,550.15,2025-04-29 09:43:29,0.1401579962867199
2025-04-29 10:23:30,550.22,medium,Buy->Sell,True,552.81,2025-04-29 10:55:35,0.47072080258804083,32.083333333333336,1.0,True,552.81,2025-04-29 10:55:35,0.47072080258804083
2025-04-29 12:39:30,552.37,high,Buy->Buy->Sell,True,553.925,2025-04-29 13:46:30,0.2815142024367634,67.0,2.0,True,553.925,2025-04-29 13:46:30,0.2815142024367634
2025-04-29 12:50:40,551.6099,medium,Buy->Sell,True,553.925,2025-04-29 13:46:30,0.4196987762547256,55.833333333333336,1.0,True,553.925,2025-04-29 13:46:30,0.4196987762547256
2025-04-30 09:51:24,543.29,low,Buy->Sell,True,548.2401,2025-04-30 11:08:22,0.9111340168234314,76.96666666666667,1.0,True,548.2401,2025-04-30 11:08:22,0.9111340168234314
2025-04-30 12:26:23,548.375,high,Buy->Sell,True,549.42,2025-04-30 12:51:23,0.1905630271255909,25.0,1.0,True,549.42,2025-04-30 12:51:23,0.1905630271255909
2025-04-30 13:14:23,547.92,high,Buy->Buy->Sell,True,554.91,2025-04-30 15:53:23,1.2757336837494542,159.0,2.0,True,554.91,2025-04-30 15:53:23,1.2757336837494542
2025-04-30 15:48:23,552.7501,high,Buy->Sell,True,554.91,2025-04-30 15:53:23,0.39075524364445946,5.0,1.0,True,554.91,2025-04-30 15:53:23,0.39075524364445946
2025-05-01 09:39:50,559.6125,low,Buy->Sell,True,562.21,2025-05-01 10:36:48,0.4641604681811221,56.96666666666667,1.0,True,562.21,2025-05-01 10:36:48,0.4641604681811221
2025-05-01 11:57:49,560.0925,low,Other,True,565.52,2025-05-02 10:31:06,0.969036364529075,1353.2833333333333,6.0,True,565.52,2025-05-02 10:31:06,0.969036364529075
2025-05-01 12:24:50,559.445,low,Other,True,565.52,2025-05-02 10:31:06,1.085897630687544,1326.2666666666667,5.0,True,565.52,2025-05-02 10:31:06,1.085897630687544
2025-05-01 13:42:49,560.26,low,Buy->Buy->Buy->Buy->Sell,True,565.52,2025-05-02 10:31:06,0.9388498197265539,1248.2833333333333,4.0,True,565.52,2025-05-02 10:31:06,0.9388498197265539
2025-05-01 15:53:48,560.94,medium,Buy->Buy->Buy->Sell,True,565.52,2025-05-02 10:31:06,0.8164866117588203,1117.3,3.0,True,565.52,2025-05-02 10:31:06,0.8164866117588203
2025-05-01 15:58:47,558.52,low,Buy->Buy->Sell,True,565.52,2025-05-02 10:31:06,1.2533123254314975,1112.3166666666666,2.0,True,565.52,2025-05-02 10:31:06,1.2533123254314975
2025-05-02 09:48:06,563.83,low,Buy->Sell,True,565.52,2025-05-02 10:31:06,0.2997357359487684,43.0,1.0,True,565.52,2025-05-02 10:31:06,0.2997357359487684
2025-05-02 13:17:07,566.62,high,Buy->Sell,True,567.75,2025-05-02 14:22:07,0.1994281882037336,65.0,1.0,True,567.75,2025-05-02 14:22:07,0.1994281882037336
2025-05-05 09:40:07,562.125,low,Buy->Sell,True,564.36,2025-05-05 10:43:47,0.39759839893262416,63.666666666666664,1.0,True,564.36,2025-05-05 10:43:47,0.39759839893262416
2025-05-05 15:27:49,564.95,high,Buy->Buy->Sell,False,,,,,,True,559.33,2025-05-06 09:42:39,-0.994778298964511
2025-05-05 15:47:49,564.35,medium,Buy->Sell,False,,,,,,True,559.33,2025-05-06 09:42:39,-0.8895189155665778
2025-05-06 09:50:38,557.63,low,Buy->Sell,True,559.93,2025-05-06 10:19:44,0.41245987482738633,29.1,1.0,True,559.93,2025-05-06 10:19:44,0.41245987482738633
2025-05-06 11:44:43,560.745,high,Buy->Buy->Buy->Buy->Sell,True,561.4051,2025-05-07 10:03:03,0.11771839249568752,1338.3333333333333,4.0,True,561.4051,2025-05-07 10:03:03,0.11771839249568752
2025-05-06 12:24:41,560.4601,high,Buy->Buy->Buy->Sell,True,561.4051,2025-05-07 10:03:03,0.16861146761382947,1298.3666666666666,3.0,True,561.4051,2025-05-07 10:03:03,0.16861146761382947
2025-05-06 13:42:39,558.83,medium,Buy->Buy->Sell,True,561.4051,2025-05-07 10:03:03,0.46080203281855064,1220.4,2.0,True,561.4051,2025-05-07 10:03:03,0.46080203281855064
2025-05-06 15:51:39,560.11,high,Buy->Sell,True,561.4051,2025-05-07 10:03:03,0.23122243844957846,1091.4,1.0,True,561.4051,2025-05-07 10:03:03,0.23122243844957846
2025-05-07 10:55:08,559.19,low,Buy->Buy->Sell,True,561.5749,2025-05-07 13:15:08,0.426491890055241,140.0,2.0,True,561.5749,2025-05-07 13:15:08,0.426491890055241
2025-05-07 12:26:01,559.52,medium,Buy->Sell,True,561.5749,2025-05-07 13:15:08,0.3672612239062009,49.11666666666667,1.0,True,561.5749,2025-05-07 13:15:08,0.3672612239062009
2025-05-07 13:38:02,560.47,medium,Buy->Buy->Buy->Sell,True,561.96,2025-05-07 15:44:03,0.2658483058861329,126.01666666666667,3.0,True,561.96,2025-05-07 15:44:03,0.2658483058861329
2025-05-07 14:52:03,557.65,medium,Buy->Buy->Sell,True,561.96,2025-05-07 15:44:03,0.772886218954552,52.0,2.0,True,561.96,2025-05-07 15:44:03,0.772886218954552
2025-05-07 15:29:02,557.87,medium,Buy->Sell,True,561.96,2025-05-07 15:44:03,0.7331457149515177,15.016666666666667,1.0,True,561.96,2025-05-07 15:44:03,0.7331457149515177
2025-05-08 09:37:47,565.05,low,Buy->Sell,False,,,,,,True,564.58,2025-05-08 09:42:47,-0.08317847978053511
2025-05-08 09:58:48,564.01,high,Buy->Buy->Sell,True,566.25,2025-05-08 11:25:49,0.39715607879293086,87.01666666666667,2.0,True,566.25,2025-05-08 11:25:49,0.39715607879293086
2025-05-08 10:54:52,562.74,low,Buy->Sell,True,566.25,2025-05-08 11:25:49,0.6237338735472848,30.95,1.0,True,566.25,2025-05-08 11:25:49,0.6237338735472848
2025-05-08 13:59:52,567.6899,high,Buy->Buy->Sell,True,569.18,2025-05-08 15:22:50,0.2624848530861627,82.96666666666667,2.0,True,569.18,2025-05-08 15:22:50,0.2624848530861627
2025-05-08 15:02:50,567.89,high,Buy->Sell,True,569.18,2025-05-08 15:22:50,0.22715666766450607,20.0,1.0,True,569.18,2025-05-08 15:22:50,0.22715666766450607
2025-05-08 15:53:48,565.72,medium,Other,True,579.74,2025-05-12 12:39:55,2.478257795375801,5566.116666666667,13.0,True,579.74,2025-05-12 12:39:55,2.478257795375801
2025-05-09 09:55:52,566.59,high,Other,True,579.74,2025-05-12 12:39:55,2.3209022397147807,4484.05,12.0,True,579.74,2025-05-12 12:39:55,2.3209022397147807
2025-05-09 10:20:49,565.61,low,Other,True,579.74,2025-05-12 12:39:55,2.4981877972454507,4459.1,11.0,True,579.74,2025-05-12 12:39:55,2.4981877972454507
2025-05-09 10:42:49,563.92,low,Other,True,579.74,2025-05-12 12:39:55,2.8053624627606846,4437.1,10.0,True,579.74,2025-05-12 12:39:55,2.8053624627606846
2025-05-09 11:21:50,564.43,low,Other,True,579.74,2025-05-12 12:39:55,2.712470988430817,4398.083333333333,9.0,True,579.74,2025-05-12 12:39:55,2.712470988430817
2025-05-09 12:49:53,563.35,low,Other,True,579.74,2025-05-12 12:39:55,2.9093813792491323,4310.033333333334,8.0,True,579.74,2025-05-12 12:39:55,2.9093813792491323
2025-05-09 13:07:49,563.3912,low,Other,True,579.74,2025-05-12 12:39:55,2.9018557620353285,4292.1,7.0,True,579.74,2025-05-12 12:39:55,2.9018557620353285
2025-05-09 14:19:53,564.43,medium,Other,True,579.74,2025-05-12 12:39:55,2.712470988430817,4220.033333333334,6.0,True,579.74,2025-05-12 12:39:55,2.712470988430817
2025-05-09 15:55:50,564.29,high,Other,True,579.74,2025-05-12 12:39:55,2.7379538889578137,4124.083333333333,5.0,True,579.74,2025-05-12 12:39:55,2.7379538889578137
2025-05-12 09:48:49,578.73,low,Buy->Buy->Buy->Buy->Sell,True,579.74,2025-05-12 12:39:55,0.17452006980802634,171.1,4.0,True,579.74,2025-05-12 12:39:55,0.17452006980802634
2025-05-12 10:29:56,578.26,low,Buy->Buy->Buy->Sell,True,579.74,2025-05-12 12:39:55,0.25594023449659636,129.98333333333332,3.0,True,579.74,2025-05-12 12:39:55,0.25594023449659636
2025-05-12 11:11:49,579.21,high,Buy->Buy->Sell,True,579.74,2025-05-12 12:39:55,0.09150394502856869,88.1,2.0,True,579.74,2025-05-12 12:39:55,0.09150394502856869
2025-05-12 11:53:48,578.25,medium,Buy->Sell,True,579.74,2025-05-12 12:39:55,0.2576740164288818,46.11666666666667,1.0,True,579.74,2025-05-12 12:39:55,0.2576740164288818
2025-05-12 15:01:51,581.37,high,Buy->Sell,True,581.84,2025-05-12 15:21:49,0.080843524777685,19.966666666666665,1.0,True,581.84,2025-05-12 15:21:49,0.080843524777685
2025-05-13 12:09:56,587.195,high,Buy->Sell,True,588.005,2025-05-13 12:39:51,0.1379439538824318,29.916666666666668,1.0,True,588.005,2025-05-13 12:39:51,0.1379439538824318
2025-05-13 15:52:51,587.6476,high,Other,True,588.1699,2025-05-14 12:07:51,0.08887979802860982,1215.0,5.0,True,588.1699,2025-05-14 12:07:51,0.08887979802860982
2025-05-14 09:39:53,588.3,low,Buy->Buy->Buy->Buy->Sell,False,,,,,,True,588.1699,2025-05-14 12:07:51,-0.022114567397581227
2025-05-14 09:49:52,586.97,low,Buy->Buy->Buy->Sell,True,588.1699,2025-05-14 12:07:51,0.20442271325620676,137.98333333333332,3.0,True,588.1699,2025-05-14 12:07:51,0.20442271325620676
2025-05-14 10:06:46,587.465,low,Buy->Buy->Sell,True,588.1699,2025-05-14 12:07:51,0.11999012707139187,121.08333333333333,2.0,True,588.1699,2025-05-14 12:07:51,0.11999012707139187
2025-05-14 11:06:46,585.9999,low,Buy->Sell,True,588.1699,2025-05-14 12:07:51,0.370307230427848,61.083333333333336,1.0,True,588.1699,2025-05-14 12:07:51,0.370307230427848
2025-05-14 13:16:47,586.55,medium,Buy->Buy->Buy->Buy->Sell,False,,,,,,True,586.02,2025-05-15 09:45:47,-0.09035887818599826
2025-05-14 13:23:47,585.865,low,Buy->Buy->Buy->Sell,True,586.02,2025-05-15 09:45:47,0.026456606897488792,1222.0,3.0,True,586.02,2025-05-15 09:45:47,0.026456606897488792
2025-05-14 14:29:52,586.86,medium,Buy->Buy->Sell,False,,,,,,True,586.02,2025-05-15 09:45:47,-0.14313464880892066
2025-05-14 15:22:47,587.0499,medium,Buy->Sell,False,,,,,,True,586.02,2025-05-15 09:45:47,-0.17543653444110932
2025-05-15 09:50:49,585.28,low,Buy->Sell,True,586.67,2025-05-15 10:02:48,0.23749316566429512,11.983333333333333,1.0,True,586.67,2025-05-15 10:02:48,0.23749316566429512
2025-05-15 15:09:53,589.48,high,Other,True,590.9,2025-05-16 11:29:54,0.24089027617560546,1220.0166666666667,5.0,True,590.9,2025-05-16 11:29:54,0.24089027617560546
2025-05-15 15:27:48,588.95,high,Buy->Buy->Buy->Buy->Sell,True,590.9,2025-05-16 11:29:54,0.3310977162747146,1202.1,4.0,True,590.9,2025-05-16 11:29:54,0.3310977162747146
2025-05-16 09:41:48,590.18,low,Buy->Buy->Buy->Sell,True,590.9,2025-05-16 11:29:54,0.12199667897929908,108.1,3.0,True,590.9,2025-05-16 11:29:54,0.12199667897929908
2025-05-16 10:34:54,590.513,low,Buy->Buy->Sell,True,590.9,2025-05-16 11:29:54,0.06553623713617542,55.0,2.0,True,590.9,2025-05-16 11:29:54,0.06553623713617542
2025-05-16 10:54:53,590.55,high,Buy->Sell,True,590.9,2025-05-16 11:29:54,0.05926678520024092,35.016666666666666,1.0,True,590.9,2025-05-16 11:29:54,0.05926678520024092
2025-05-16 11:59:52,591.045,high,Buy->Sell,True,591.43,2025-05-16 12:03:48,0.06513886421507516,3.933333333333333,1.0,True,591.43,2025-05-16 12:03:48,0.06513886421507516
2025-05-19 14:19:29,593.58,high,Buy->Buy->Sell,True,594.31,2025-05-19 15:49:28,0.12298258027559966,89.98333333333333,2.0,True,594.31,2025-05-19 15:49:28,0.12298258027559966
2025-05-19 15:16:34,593.805,high,Buy->Sell,True,594.31,2025-05-19 15:49:28,0.08504475374912564,32.9,1.0,True,594.31,2025-05-19 15:49:28,0.08504475374912564
2025-05-20 09:37:45,593.09,low,Buy->Buy->Buy->Sell,True,593.143,2025-05-20 10:35:46,0.008936249135881109,58.016666666666666,3.0,True,593.143,2025-05-20 10:35:46,0.008936249135881109
2025-05-20 09:53:47,593.42,high,Buy->Buy->Sell,False,,,,,,True,593.143,2025-05-20 10:35:46,-0.04667857503958916
2025-05-20 09:59:49,592.84,low,Buy->Sell,True,593.143,2025-05-20 10:35:46,0.051109911611901565,35.95,1.0,True,593.143,2025-05-20 10:35:46,0.051109911611901565
2025-05-20 11:02:47,593.0,medium,Buy->Buy->Buy->Buy->Sell,True,593.38,2025-05-20 12:59:56,0.06408094435075809,117.15,4.0,True,593.38,2025-05-20 12:59:56,0.06408094435075809
2025-05-20 11:30:47,593.5,medium,Buy->Buy->Buy->Sell,False,,,,,,True,593.38,2025-05-20 12:59:56,-0.020219039595619975
2025-05-20 11:45:45,592.655,medium,Buy->Buy->Sell,True,593.38,2025-05-20 12:59:56,0.12233086703056968,74.18333333333334,2.0,True,593.38,2025-05-20 12:59:56,0.12233086703056968
2025-05-20 12:17:47,592.5899,low,Buy->Sell,True,593.38,2025-05-20 12:59:56,0.13332998081810918,42.15,1.0,True,593.38,2025-05-20 12:59:56,0.13332998081810918
2025-05-20 13:34:52,592.98,medium,Buy->Buy->Buy->Buy->Sell,False,,,,,,True,590.12,2025-05-21 09:53:47,-0.4823096900401385
2025-05-20 14:21:47,591.58,low,Buy->Buy->Buy->Sell,False,,,,,,True,590.12,2025-05-21 09:53:47,-0.24679671388485686
2025-05-20 14:29:49,590.81,low,Buy->Buy->Sell,False,,,,,,True,590.12,2025-05-21 09:53:47,-0.11678881535518033
2025-05-20 14:56:47,591.0,low,Buy->Sell,False,,,,,,True,590.12,2025-05-21 09:53:47,-0.14890016920473698
2025-05-21 10:13:48,590.05,high,Buy->Buy->Sell,True,590.7001,2025-05-21 11:05:47,0.1101771036352963,51.983333333333334,2.0,True,590.7001,2025-05-21 11:05:47,0.1101771036352963
2025-05-21 10:32:47,589.49,medium,Buy->Sell,True,590.7001,2025-05-21 11:05:47,0.20527913959524527,33.0,1.0,True,590.7001,2025-05-21 11:05:47,0.20527913959524527
2025-05-21 13:18:48,587.89,low,Other,False,,,,,,True,585.08,2025-05-22 13:50:47,-0.4779805745972794
2025-05-21 13:58:47,585.94,high,Other,False,,,,,,True,585.08,2025-05-22 13:50:47,-0.14677270710311868
2025-05-21 15:33:48,583.57,high,Other,True,585.08,2025-05-22 13:50:47,0.2587521634079872,1336.9833333333333,7.0,True,585.08,2025-05-22 13:50:47,0.2587521634079872
2025-05-22 09:38:47,582.03,high,Other,True,585.08,2025-05-22 13:50:47,0.5240279710667952,252.0,6.0,True,585.08,2025-05-22 13:50:47,0.5240279710667952
2025-05-22 10:22:47,583.18,high,Other,True,585.08,2025-05-22 13:50:47,0.32579992455161205,208.0,5.0,True,585.08,2025-05-22 13:50:47,0.32579992455161205
2025-05-22 10:56:46,581.82,low,Buy->Buy->Buy->Buy->Sell,True,585.08,2025-05-22 13:50:47,0.5603107490289078,174.01666666666668,4.0,True,585.08,2025-05-22 13:50:47,0.5603107490289078
2025-05-22 11:31:47,582.93,high,Buy->Buy->Buy->Sell,True,585.08,2025-05-22 13:50:47,0.3688264457139092,139.0,3.0,True,585.08,2025-05-22 13:50:47,0.3688264457139092
2025-05-22 12:46:47,583.93,high,Buy->Buy->Sell,True,585.08,2025-05-22 13:50:47,0.19694141421062306,64.0,2.0,True,585.08,2025-05-22 13:50:47,0.19694141421062306
2025-05-22 13:03:49,582.89,medium,Buy->Sell,True,585.08,2025-05-22 13:50:47,0.37571411415533884,46.96666666666667,1.0,True,585.08,2025-05-22 13:50:47,0.37571411415533884
2025-05-22 15:46:47,584.655,high,Buy->Buy->Sell,False,,,,,,True,576.66,2025-05-23 09:56:33,-1.367473125176387
2025-05-23 09:43:34,576.57,high,Buy->Sell,True,576.66,2025-05-23 09:56:33,0.015609553046450238,12.983333333333333,1.0,True,576.66,2025-05-23 09:56:33,0.015609553046450238
2025-05-23 11:06:36,576.88,medium,Buy->Sell,True,578.39,2025-05-23 11:26:34,0.2617528775481887,19.966666666666665,1.0,True,578.39,2025-05-23 11:26:34,0.2617528775481887
2025-05-23 12:14:37,578.1,high,Buy->Sell,True,579.3328,2025-05-23 12:55:35,0.21325030271579265,40.96666666666667,1.0,True,579.3328,2025-05-23 12:55:35,0.21325030271579265
2025-05-23 15:52:34,579.375,high,Buy->Sell,True,586.06,2025-05-27 09:51:52,1.1538295577130435,5399.3,1.0,True,586.06,2025-05-27 09:51:52,1.1538295577130435
2025-05-28 09:37:47,592.07,low,Other,False,,,,,,False,,,
2025-05-28 09:55:48,591.06,low,Other,False,,,,,,False,,,
2025-05-28 10:10:47,590.625,medium,Other,False,,,,,,False,,,
2025-05-28 10:30:52,590.0899,low,Other,False,,,,,,False,,,
2025-05-28 10:39:52,589.69,medium,Other,False,,,,,,True,588.53,2025-05-30 10:06:02,-0.19671352744663836
2025-05-28 11:13:47,589.58,low,Other,False,,,,,,True,588.53,2025-05-30 10:06:02,-0.1780928796770698
2025-05-28 11:36:47,589.11,low,Other,False,,,,,,True,588.53,2025-05-30 10:06:02,-0.09845359949755408
2025-05-28 11:58:47,589.145,low,Other,False,,,,,,True,588.53,2025-05-30 10:06:02,-0.10438856308718722
2025-05-28 12:24:52,589.6691,low,Other,False,,,,,,True,588.53,2025-05-30 10:06:02,-0.19317613895657496
2025-05-28 13:28:49,590.22,high,Other,False,,,,,,True,588.53,2025-05-30 10:06:02,-0.2863339093897283
2025-05-28 13:42:48,589.49,high,Other,False,,,,,,True,588.53,2025-05-30 10:06:02,-0.16285263532884975
2025-05-28 14:22:48,589.905,high,Other,False,,,,,,True,588.53,2025-05-30 10:06:02,-0.23308837863723822
2025-05-28 14:52:48,589.12,low,Other,False,,,,,,True,588.53,2025-05-30 10:06:02,-0.10014937533949482
2025-05-28 15:29:55,589.515,medium,Other,False,,,,,,True,588.53,2025-05-30 10:06:02,-0.16708650331204697
2025-05-28 15:51:48,588.07,medium,Other,True,588.53,2025-05-30 10:06:02,0.07822198037647264,2534.233333333333,10.0,True,588.53,2025-05-30 10:06:02,0.07822198037647264
2025-05-29 10:12:47,589.0,low,Other,False,,,,,,True,588.53,2025-05-30 10:06:02,-0.07979626485569224
2025-05-29 11:23:48,590.1,high,Other,False,,,,,,True,588.53,2025-05-30 10:06:02,-0.26605660057618197
2025-05-29 11:33:49,589.24,low,Other,False,,,,,,True,588.53,2025-05-30 10:06:02,-0.12049419591338613
2025-05-29 13:30:48,589.525,medium,Other,False,,,,,,True,588.53,2025-05-30 10:06:02,-0.1687799499597141
2025-05-29 13:49:54,588.65,medium,Other,False,,,,,,True,588.53,2025-05-30 10:06:02,-0.020385628132167596
2025-05-29 14:20:48,587.979,low,Buy->Buy->Buy->Buy->Sell,True,588.53,2025-05-30 10:06:02,0.09371082980853582,1185.2333333333333,4.0,True,588.53,2025-05-30 10:06:02,0.09371082980853582
2025-05-29 14:59:54,588.7901,high,Buy->Buy->Buy->Sell,False,,,,,,True,588.53,2025-05-30 10:06:02,-0.044175335149160874
2025-05-30 09:41:59,587.85,low,Buy->Buy->Sell,True,588.53,2025-05-30 10:06:02,0.1156757676277877,24.05,2.0,True,588.53,2025-05-30 10:06:02,0.1156757676277877
2025-05-30 09:58:00,587.505,high,Buy->Sell,True,588.53,2025-05-30 10:06:02,0.17446660028424904,8.033333333333333,1.0,True,588.53,2025-05-30 10:06:02,0.17446660028424904
2025-05-30 10:47:00,589.2401,high,Other,True,589.391,2025-05-30 15:04:01,0.025609255038816725,257.01666666666665,6.0,True,589.391,2025-05-30 15:04:01,0.025609255038816725
2025-05-30 11:21:01,588.32,high,Other,True,589.391,2025-05-30 15:04:01,0.18204378569484508,223.0,5.0,True,589.391,2025-05-30 15:04:01,0.18204378569484508
2025-05-30 12:24:00,586.86,low,Buy->Buy->Buy->Buy->Sell,True,589.391,2025-05-30 15:04:01,0.43127832873256805,160.01666666666668,4.0,True,589.391,2025-05-30 15:04:01,0.43127832873256805
2025-05-30 12:31:00,584.31,medium,Buy->Buy->Buy->Sell,True,589.391,2025-05-30 15:04:01,0.8695726583491671,153.01666666666668,3.0,True,589.391,2025-05-30 15:04:01,0.8695726583491671
2025-05-30 12:46:04,584.51,medium,Buy->Buy->Sell,True,589.391,2025-05-30 15:04:01,0.8350584250055554,137.95,2.0,True,589.391,2025-05-30 15:04:01,0.8350584250055554
2025-05-30 12:54:00,583.85,low,Buy->Sell,True,589.391,2025-05-30 15:04:01,0.9490451314549867,130.01666666666668,1.0,True,589.391,2025-05-30 15:04:01,0.9490451314549867
2025-06-02 09:51:50,587.463,low,Buy->Sell,True,589.33,2025-06-02 10:59:56,0.3178072491374054,68.1,1.0,True,589.33,2025-06-02 10:59:56,0.3178072491374054
2025-06-02 11:36:51,588.5,high,Buy->Sell,True,589.61,2025-06-02 11:51:50,0.18861512319456475,14.983333333333333,1.0,True,589.61,2025-06-02 11:51:50,0.18861512319456475
2025-06-03 09:40:55,592.48,low,Buy->Sell,True,592.49,2025-06-03 09:55:00,0.0016878206859287914,14.083333333333334,1.0,True,592.49,2025-06-03 09:55:00,0.0016878206859287914
2025-06-03 15:50:57,595.7699,high,Buy->Sell,True,596.25,2025-06-03 15:56:56,0.08058480295832218,5.983333333333333,1.0,True,596.25,2025-06-03 15:56:56,0.08058480295832218
2025-06-04 09:42:50,597.78,low,Buy->Buy->Buy->Sell,False,,,,,,True,597.53,2025-06-04 11:04:54,-0.04182140586837967
2025-06-04 09:50:50,597.7,low,Buy->Buy->Sell,False,,,,,,True,597.53,2025-06-04 11:04:54,-0.02844236238917061
2025-06-04 09:52:55,597.63,low,Buy->Sell,False,,,,,,True,597.53,2025-06-04 11:04:54,-0.016732761072908445
2025-06-04 11:30:50,596.815,high,Buy->Buy->Sell,False,,,,,,True,596.39,2025-06-04 12:40:51,-0.07121134689980449
2025-06-04 12:38:49,596.15,low,Buy->Sell,True,596.39,2025-06-04 12:40:51,0.040258324247254736,2.033333333333333,1.0,True,596.39,2025-06-04 12:40:51,0.040258324247254736
2025-06-04 15:42:51,596.61,high,Buy->Buy->Sell,True,597.5236,2025-06-05 11:02:17,0.1531318616851836,1159.4333333333334,2.0,True,597.5236,2025-06-05 11:02:17,0.1531318616851836
2025-06-04 15:52:52,596.36,low,Buy->Sell,True,597.5236,2025-06-05 11:02:17,0.1951170433966017,1149.4166666666667,1.0,True,597.5236,2025-06-05 11:02:17,0.1951170433966017
2025-06-05 12:18:17,597.6199,high,Other,True,600.265,2025-06-06 09:42:49,0.4426057432157056,1284.5333333333333,7.0,True,600.265,2025-06-06 09:42:49,0.4426057432157056
2025-06-05 12:54:17,595.26,low,Other,True,600.265,2025-06-06 09:42:49,0.8408090582266565,1248.5333333333333,6.0,True,600.265,2025-06-06 09:42:49,0.8408090582266565
2025-06-05 14:04:19,595.18,low,Other,True,600.265,2025-06-06 09:42:49,0.8543633858664668,1178.5,5.0,True,600.265,2025-06-06 09:42:49,0.8543633858664668
2025-06-05 14:18:17,594.0,low,Buy->Buy->Buy->Buy->Sell,True,600.265,2025-06-06 09:42:49,1.0547138047138023,1164.5333333333333,4.0,True,600.265,2025-06-06 09:42:49,1.0547138047138023
2025-06-05 15:14:18,593.8,low,Buy->Buy->Buy->Sell,True,600.265,2025-06-06 09:42:49,1.0887504210171828,1108.5166666666667,3.0,True,600.265,2025-06-06 09:42:49,1.0887504210171828
2025-06-05 15:18:18,591.74,low,Buy->Buy->Sell,True,600.265,2025-06-06 09:42:49,1.4406665089397332,1104.5166666666667,2.0,True,600.265,2025-06-06 09:42:49,1.4406665089397332
2025-06-05 15:54:18,592.65,medium,Buy->Sell,True,600.265,2025-06-06 09:42:49,1.2849067746562068,1068.5166666666667,1.0,True,600.265,2025-06-06 09:42:49,1.2849067746562068
2025-06-06 10:32:48,599.059,low,Buy->Sell,True,600.15,2025-06-06 11:08:49,0.1821189565635452,36.016666666666666,1.0,True,600.15,2025-06-06 11:08:49,0.1821189565635452
2025-06-06 11:20:51,597.76,low,Other,True,600.26,2025-06-06 14:35:50,0.418228051391863,194.98333333333332,5.0,True,600.26,2025-06-06 14:35:50,0.418228051391863
2025-06-06 11:42:49,598.37,low,Buy->Buy->Buy->Buy->Sell,True,600.26,2025-06-06 14:35:50,0.3158580811203747,173.01666666666668,4.0,True,600.26,2025-06-06 14:35:50,0.3158580811203747
2025-06-06 12:28:50,598.6,medium,Buy->Buy->Buy->Sell,True,600.26,2025-06-06 14:35:50,0.2773137320414247,127.0,3.0,True,600.26,2025-06-06 14:35:50,0.2773137320414247
2025-06-06 12:45:49,597.775,low,Buy->Buy->Sell,True,600.26,2025-06-06 14:35:50,0.4157082514323974,110.01666666666667,2.0,True,600.26,2025-06-06 14:35:50,0.4157082514323974
2025-06-06 13:13:51,597.605,low,Buy->Sell,True,600.26,2025-06-06 14:35:50,0.4442733912868822,81.98333333333333,1.0,True,600.26,2025-06-06 14:35:50,0.4442733912868822
2025-06-09 09:45:51,599.23,high,Buy->Sell,True,599.6,2025-06-09 10:12:50,0.06174590724763522,26.983333333333334,1.0,True,599.6,2025-06-09 10:12:50,0.06174590724763522
2025-06-09 11:26:52,599.22,high,Buy->Sell,True,599.83,2025-06-09 11:58:51,0.10179900537365467,31.983333333333334,1.0,True,599.83,2025-06-09 11:58:51,0.10179900537365467
2025-06-09 14:40:52,600.5299,high,Buy->Sell,True,600.87,2025-06-09 14:54:54,0.056633316675823595,14.033333333333333,1.0,True,600.87,2025-06-09 14:54:54,0.056633316675823595
2025-06-09 15:46:52,600.08,high,Buy->Buy->Sell,True,600.9421,2025-06-10 10:10:49,0.14366417810957557,1103.95,2.0,True,600.9421,2025-06-10 10:10:49,0.14366417810957557
2025-06-10 10:08:49,600.7,low,Buy->Sell,True,600.9421,2025-06-10 10:10:49,0.04030297985682315,2.0,1.0,True,600.9421,2025-06-10 10:10:49,0.04030297985682315
2025-06-10 11:32:49,600.11,low,Buy->Buy->Sell,True,601.75,2025-06-10 12:24:55,0.273283231407573,52.1,2.0,True,601.75,2025-06-10 12:24:55,0.273283231407573
2025-06-10 11:34:55,600.04,low,Buy->Sell,True,601.75,2025-06-10 12:24:55,0.2849810012665883,50.0,1.0,True,601.75,2025-06-10 12:24:55,0.2849810012665883
2025-06-10 13:32:50,601.87,high,Buy->Buy->Sell,True,602.6,2025-06-10 14:58:49,0.12128865037300716,85.98333333333333,2.0,True,602.6,2025-06-10 14:58:49,0.12128865037300716
2025-06-10 14:02:50,600.91,low,Buy->Sell,True,602.6,2025-06-10 14:58:49,0.2812401191526276,55.983333333333334,1.0,True,602.6,2025-06-10 14:58:49,0.2812401191526276
2025-06-10 15:44:53,602.08,high,Buy->Sell,True,602.905,2025-06-10 15:58:50,0.13702498006908245,13.95,1.0,True,602.905,2025-06-10 15:58:50,0.13702498006908245
2025-06-11 09:49:55,603.08,low,Buy->Sell,True,604.801,2025-06-11 10:51:50,0.28536844199774547,61.916666666666664,1.0,True,604.801,2025-06-11 10:51:50,0.28536844199774547
2025-06-11 11:49:55,603.6601,medium,Other,False,,,,,,True,600.55,2025-06-12 09:46:18,-0.515207150514023
2025-06-11 13:45:50,603.58,medium,Other,False,,,,,,True,600.55,2025-06-12 09:46:18,-0.5020047052586378
2025-06-11 14:03:51,601.17,medium,Buy->Buy->Buy->Buy->Sell,False,,,,,,True,600.55,2025-06-12 09:46:18,-0.10313222549362154
2025-06-11 14:21:49,600.45,high,Buy->Buy->Buy->Sell,True,600.55,2025-06-12 09:46:18,0.016654176034625538,1164.4833333333333,3.0,True,600.55,2025-06-12 09:46:18,0.016654176034625538
2025-06-11 14:57:50,601.15,high,Buy->Buy->Sell,False,,,,,,True,600.55,2025-06-12 09:46:18,-0.0998086999916864
2025-06-11 15:33:50,600.03,low,Buy->Sell,True,600.55,2025-06-12 09:46:18,0.08666233354998613,1092.4666666666667,1.0,True,600.55,2025-06-12 09:46:18,0.08666233354998613
2025-06-12 15:45:20,602.73,high,Buy->Sell,True,603.015,2025-06-12 15:55:22,0.04728485391468289,10.033333333333333,1.0,True,603.015,2025-06-12 15:55:22,0.04728485391468289
2025-06-13 09:56:52,598.49,low,Buy->Buy->Sell,True,600.57,2025-06-13 11:22:52,0.3475413123026351,86.0,2.0,True,600.57,2025-06-13 11:22:52,0.3475413123026351
2025-06-13 10:12:50,597.65,low,Buy->Sell,True,600.57,2025-06-13 11:22:52,0.48858027273489046,70.03333333333333,1.0,True,600.57,2025-06-13 11:22:52,0.48858027273489046
2025-06-13 12:40:51,600.775,high,Other,True,601.53,2025-06-16 09:48:34,0.12567100828096966,4147.716666666666,6.0,True,601.53,2025-06-16 09:48:34,0.12567100828096966
2025-06-13 13:12:51,600.15,high,Other,True,601.53,2025-06-16 09:48:34,0.2299425143714064,4115.716666666666,5.0,True,601.53,2025-06-16 09:48:34,0.2299425143714064
2025-06-13 14:08:51,598.72,medium,Buy->Buy->Buy->Buy->Sell,True,601.53,2025-06-16 09:48:34,0.46933458043825915,4059.7166666666667,4.0,True,601.53,2025-06-16 09:48:34,0.46933458043825915
2025-06-13 14:44:54,596.18,low,Buy->Buy->Buy->Sell,True,601.53,2025-06-16 09:48:34,0.8973799859102994,4023.6666666666665,3.0,True,601.53,2025-06-16 09:48:34,0.8973799859102994
2025-06-13 15:56:50,596.18,high,Buy->Buy->Sell,True,601.53,2025-06-16 09:48:34,0.8973799859102994,3951.733333333333,2.0,True,601.53,2025-06-16 09:48:34,0.8973799859102994
2025-06-16 09:42:33,601.435,low,Buy->Sell,True,601.53,2025-06-16 09:48:34,0.01579555562945743,6.016666666666667,1.0,True,601.53,2025-06-16 09:48:34,0.01579555562945743
2025-06-16 11:04:33,603.76,high,Other,False,,,,,,True,600.935,2025-06-17 10:08:31,-0.467901152775945
2025-06-16 11:58:35,603.16,high,Other,False,,,,,,True,600.935,2025-06-17 10:08:31,-0.3688905099807717
2025-06-16 12:44:35,602.61,medium,Other,False,,,,,,True,600.935,2025-06-17 10:08:31,-0.2779575513184428
2025-06-16 13:14:33,602.43,medium,Buy->Buy->Buy->Buy->Sell,False,,,,,,True,600.935,2025-06-17 10:08:31,-0.2481616121375105
2025-06-16 14:37:35,602.28,medium,Buy->Buy->Buy->Sell,False,,,,,,True,600.935,2025-06-17 10:08:31,-0.22331805804609606
2025-06-16 15:11:34,601.86,low,Buy->Buy->Sell,False,,,,,,True,600.935,2025-06-17 10:08:31,-0.15369022696309245
2025-06-16 15:51:34,602.18,high,Buy->Sell,False,,,,,,True,600.935,2025-06-17 10:08:31,-0.20674881264738193
2025-06-17 11:28:32,600.5724,high,Buy->Sell,True,601.11,2025-06-17 12:02:32,0.0895146030686721,34.0,1.0,True,601.11,2025-06-17 12:02:32,0.0895146030686721
2025-06-17 12:46:32,601.04,high,Other,True,601.12,2025-06-18 10:34:55,0.013310262212172389,1308.3833333333334,6.0,True,601.12,2025-06-18 10:34:55,0.013310262212172389
2025-06-17 13:28:33,599.08,low,Other,True,601.12,2025-06-18 10:34:55,0.34052213393869996,1266.3666666666666,5.0,True,601.12,2025-06-18 10:34:55,0.34052213393869996
2025-06-17 14:10:33,598.1,high,Buy->Buy->Buy->Buy->Sell,True,601.12,2025-06-18 10:34:55,0.5049322855709717,1224.3666666666666,4.0,True,601.12,2025-06-18 10:34:55,0.5049322855709717
2025-06-17 14:48:32,597.37,low,Buy->Buy->Buy->Sell,True,601.12,2025-06-18 10:34:55,0.6277516447093091,1186.3833333333334,3.0,True,601.12,2025-06-18 10:34:55,0.6277516447093091
2025-06-17 15:42:32,597.67,low,Buy->Buy->Sell,True,601.12,2025-06-18 10:34:55,0.5772416216306734,1132.3833333333334,2.0,True,601.12,2025-06-18 10:34:55,0.5772416216306734
2025-06-18 09:40:52,598.03,low,Buy->Sell,True,601.12,2025-06-18 10:34:55,0.5166964867983265,54.05,1.0,True,601.12,2025-06-18 10:34:55,0.5166964867983265
2025-06-18 11:16:54,600.38,high,Other,False,,,,,,True,599.3393,2025-06-20 09:44:52,-0.17334021786202328
2025-06-18 12:36:51,599.59,low,Other,False,,,,,,True,599.3393,2025-06-20 09:44:52,-0.04181190480162305
2025-06-18 13:14:56,599.45,medium,Buy->Buy->Buy->Buy->Sell,False,,,,,,True,599.3393,2025-06-20 09:44:52,-0.01846692801736013
2025-06-18 14:36:51,599.42,high,Buy->Buy->Buy->Sell,False,,,,,,True,599.3393,2025-06-20 09:44:52,-0.013463014247102018
2025-06-18 14:52:51,598.945,medium,Buy->Buy->Sell,True,599.3393,2025-06-20 09:44:52,0.06583242200868696,2572.016666666667,2.0,True,599.3393,2025-06-20 09:44:52,0.06583242200868696
2025-06-18 15:56:50,597.68,medium,Buy->Sell,True,599.3393,2025-06-20 09:44:52,0.2776234774461301,2508.0333333333333,1.0,True,599.3393,2025-06-20 09:44:52,0.2776234774461301
2025-06-20 10:26:48,595.59,low,Other,False,,,,,,True,595.47,2025-06-23 09:40:59,-0.02014808845010906
2025-06-20 10:42:49,595.02,low,Other,True,595.47,2025-06-23 09:40:59,0.07562770999294906,4258.166666666667,7.0,True,595.47,2025-06-23 09:40:59,0.07562770999294906
2025-06-20 11:02:49,593.83,low,Other,True,595.47,2025-06-23 09:40:59,0.2761733155953701,4238.166666666667,6.0,True,595.47,2025-06-23 09:40:59,0.2761733155953701
2025-06-20 13:04:55,595.06,high,Other,True,595.47,2025-06-23 09:40:59,0.06890061506404091,4116.066666666667,5.0,True,595.47,2025-06-23 09:40:59,0.06890061506404091
2025-06-20 13:26:49,594.2804,low,Buy->Buy->Buy->Buy->Sell,True,595.47,2025-06-23 09:40:59,0.2001748669483364,4094.1666666666665,4.0,True,595.47,2025-06-23 09:40:59,0.2001748669483364
2025-06-20 13:54:55,593.72,high,Buy->Buy->Buy->Sell,True,595.47,2025-06-23 09:40:59,0.2947517348244964,4066.0666666666666,3.0,True,595.47,2025-06-23 09:40:59,0.2947517348244964
2025-06-20 14:57:49,593.61,low,Buy->Buy->Sell,True,595.47,2025-06-23 09:40:59,0.3133370394703616,4003.1666666666665,2.0,True,595.47,2025-06-23 09:40:59,0.3133370394703616
2025-06-20 15:43:51,593.62,high,Buy->Sell,True,595.47,2025-06-23 09:40:59,0.3116471816987337,3957.133333333333,1.0,True,595.47,2025-06-23 09:40:59,0.3116471816987337
2025-06-23 12:13:06,595.91,high,Buy->Buy->Sell,True,597.71,2025-06-23 13:29:07,0.30205903576044507,76.01666666666667,2.0,True,597.71,2025-06-23 13:29:07,0.30205903576044507
2025-06-23 12:23:02,595.125,medium,Buy->Sell,True,597.71,2025-06-23 13:29:07,0.4343625288804934,66.08333333333333,1.0,True,597.71,2025-06-23 13:29:07,0.4343625288804934
2025-06-24 09:54:56,604.499,low,Buy->Sell,True,605.165,2025-06-24 10:58:51,0.1101738795266725,63.916666666666664,1.0,True,605.165,2025-06-24 10:58:51,0.1101738795266725
2025-06-25 09:42:41,608.4,low,Buy->Buy->Sell,False,,,,,,True,607.78,2025-06-25 09:54:50,-0.10190664036817958
2025-06-25 09:52:41,607.77,low,Buy->Sell,True,607.78,2025-06-25 09:54:50,0.0016453592641938405,2.15,1.0,True,607.78,2025-06-25 09:54:50,0.0016453592641938405
2025-06-25 10:38:45,607.729,low,Other,True,609.2107,2025-06-26 10:06:49,0.2438093294873097,1408.0666666666666,10.0,True,609.2107,2025-06-26 10:06:49,0.2438093294873097
2025-06-25 11:20:42,606.9,low,Other,True,609.2107,2025-06-26 10:06:49,0.3807381776239903,1366.1166666666666,9.0,True,609.2107,2025-06-26 10:06:49,0.3807381776239903
2025-06-25 12:00:42,607.02,low,Other,True,609.2107,2025-06-26 10:06:49,0.3608942044743159,1326.1166666666666,8.0,True,609.2107,2025-06-26 10:06:49,0.3608942044743159
2025-06-25 12:36:42,606.81,low,Other,True,609.2107,2025-06-26 10:06:49,0.3956263080700762,1290.1166666666666,7.0,True,609.2107,2025-06-26 10:06:49,0.3956263080700762
2025-06-25 12:50:41,606.6699,low,Other,True,609.2107,2025-06-26 10:06:49,0.41881095468886625,1276.1333333333334,6.0,True,609.2107,2025-06-26 10:06:49,0.41881095468886625
2025-06-25 13:42:41,606.12,low,Other,True,609.2107,2025-06-26 10:06:49,0.5099155282782238,1224.1333333333334,5.0,True,609.2107,2025-06-26 10:06:49,0.5099155282782238
2025-06-25 14:27:41,606.33,low,Buy->Buy->Buy->Buy->Sell,True,609.2107,2025-06-26 10:06:49,0.47510431613146853,1179.1333333333334,4.0,True,609.2107,2025-06-26 10:06:49,0.47510431613146853
2025-06-25 14:31:43,606.15,low,Buy->Buy->Buy->Sell,True,609.2107,2025-06-26 10:06:49,0.5049410211993727,1175.1,3.0,True,609.2107,2025-06-26 10:06:49,0.5049410211993727
2025-06-25 15:53:42,606.81,high,Buy->Buy->Sell,True,609.2107,2025-06-26 10:06:49,0.3956263080700762,1093.1166666666666,2.0,True,609.2107,2025-06-26 10:06:49,0.3956263080700762
2025-06-26 09:48:48,608.875,low,Buy->Sell,True,609.2107,2025-06-26 10:06:49,0.05513446930814606,18.016666666666666,1.0,True,609.2107,2025-06-26 10:06:49,0.05513446930814606
2025-06-26 11:30:50,609.97,high,Buy->Sell,True,610.92,2025-06-26 12:36:48,0.15574536452611304,65.96666666666667,1.0,True,610.92,2025-06-26 12:36:48,0.15574536452611304
2025-06-27 10:58:52,614.7993,high,Buy->Sell,True,615.315,2025-06-27 11:26:52,0.08388103239545622,28.0,1.0,True,615.315,2025-06-27 11:26:52,0.08388103239545622
2025-06-27 13:46:52,614.01,low,Buy->Buy->Buy->Buy->Sell,True,616.25,2025-06-30 10:36:54,0.36481490529470356,4130.033333333334,4.0,True,616.25,2025-06-30 10:36:54,0.36481490529470356
2025-06-27 14:31:52,612.04,low,Buy->Buy->Buy->Sell,True,616.25,2025-06-30 10:36:54,0.687863538330834,4085.0333333333333,3.0,True,616.25,2025-06-30 10:36:54,0.687863538330834
2025-06-30 09:40:54,616.6951,low,Buy->Buy->Sell,False,,,,,,True,616.25,2025-06-30 10:36:54,-0.07217505052335017
2025-06-30 10:20:53,616.2793,low,Buy->Sell,False,,,,,,True,616.25,2025-06-30 10:36:54,-0.004754337846498291
2025-06-30 10:50:53,615.995,low,Buy->Buy->Sell,True,616.695,2025-06-30 12:36:54,0.11363728601693934,106.01666666666667,2.0,True,616.695,2025-06-30 12:36:54,0.11363728601693934
2025-06-30 11:24:57,616.1,low,Buy->Sell,True,616.695,2025-06-30 12:36:54,0.09657523129362558,71.95,1.0,True,616.695,2025-06-30 12:36:54,0.09657523129362558
2025-06-30 13:32:56,616.205,low,Other,True,617.15,2025-06-30 15:07:55,0.1533580545435263,94.98333333333333,5.0,True,617.15,2025-06-30 15:07:55,0.1533580545435263
2025-06-30 13:48:56,616.0787,low,Buy->Buy->Buy->Buy->Sell,True,617.15,2025-06-30 15:07:55,0.17389012150557243,78.98333333333333,4.0,True,617.15,2025-06-30 15:07:55,0.17389012150557243
2025-06-30 13:58:53,615.78,low,Buy->Buy->Buy->Sell,True,617.15,2025-06-30 15:07:55,0.2224820552794837,69.03333333333333,3.0,True,617.15,2025-06-30 15:07:55,0.2224820552794837
2025-06-30 14:32:54,615.67,low,Buy->Buy->Sell,True,617.15,2025-06-30 15:07:55,0.2403885198239346,35.016666666666666,2.0,True,617.15,2025-06-30 15:07:55,0.2403885198239346
2025-06-30 14:52:30,616.26,low,Buy->Sell,True,617.15,2025-06-30 15:07:55,0.1444195631713865,15.416666666666666,1.0,True,617.15,2025-06-30 15:07:55,0.1444195631713865
2025-07-01 09:58:50,617.19,high,Buy->Buy->Buy->Sell,True,617.97,2025-07-01 12:16:49,0.1263792349195503,137.98333333333332,3.0,True,617.97,2025-07-01 12:16:49,0.1263792349195503
2025-07-01 10:38:50,616.845,low,Buy->Buy->Sell,True,617.97,2025-07-01 12:16:49,0.1823796901976996,97.98333333333333,2.0,True,617.97,2025-07-01 12:16:49,0.1823796901976996
2025-07-01 11:10:51,615.785,high,Buy->Sell,True,617.97,2025-07-01 12:16:49,0.3548316376657533,65.96666666666667,1.0,True,617.97,2025-07-01 12:16:49,0.3548316376657533
2025-07-01 12:58:50,617.21,high,Buy->Sell,True,617.98,2025-07-01 13:12:49,0.12475494564248502,13.983333333333333,1.0,True,617.98,2025-07-01 13:12:49,0.12475494564248502
2025-07-01 15:00:51,617.388,high,Buy->Sell,True,618.56,2025-07-01 15:48:49,0.18983200191774244,47.96666666666667,1.0,True,618.56,2025-07-01 15:48:49,0.18983200191774244
2025-07-01 15:58:51,617.65,high,Buy->Buy->Sell,True,618.36,2025-07-02 10:26:49,0.11495183356270322,1107.9666666666667,2.0,True,618.36,2025-07-02 10:26:49,0.11495183356270322
2025-07-02 09:42:50,617.27,low,Buy->Sell,True,618.36,2025-07-02 10:26:49,0.1765839907981972,43.983333333333334,1.0,True,618.36,2025-07-02 10:26:49,0.1765839907981972
2025-07-03 13:54:21,625.34,high,Other,False,,,,,,True,620.82,2025-07-08 12:16:50,-0.7228067931045481
2025-07-07 09:46:51,623.145,low,Other,False,,,,,,True,620.82,2025-07-08 12:16:50,-0.37310738271187793
2025-07-07 10:38:51,622.6699,low,Other,False,,,,,,True,620.82,2025-07-08 12:16:50,-0.2970916050382288
2025-07-07 10:54:56,622.28,low,Other,False,,,,,,True,620.82,2025-07-08 12:16:50,-0.23462107090054682
2025-07-07 11:14:58,621.935,low,Other,False,,,,,,True,620.82,2025-07-08 12:16:50,-0.17927918512383054
2025-07-07 12:24:56,620.23,medium,Other,True,620.82,2025-07-08 12:16:50,0.09512600164455634,1431.9,10.0,True,620.82,2025-07-08 12:16:50,0.09512600164455634
2025-07-07 12:56:50,619.79,low,Other,True,620.82,2025-07-08 12:16:50,0.16618532083449014,1400.0,9.0,True,620.82,2025-07-08 12:16:50,0.16618532083449014
2025-07-07 13:42:53,619.925,low,Other,True,620.82,2025-07-08 12:16:50,0.14437230310119703,1353.95,8.0,True,620.82,2025-07-08 12:16:50,0.14437230310119703
2025-07-07 14:16:52,619.59,low,Other,True,620.82,2025-07-08 12:16:50,0.19851837505447442,1319.9666666666667,7.0,True,620.82,2025-07-08 12:16:50,0.19851837505447442
2025-07-07 14:20:51,618.14,low,Other,True,620.82,2025-07-08 12:16:50,0.4335587407383544,1315.9833333333333,6.0,True,620.82,2025-07-08 12:16:50,0.4335587407383544
2025-07-07 15:12:51,619.8399,high,Other,True,620.82,2025-07-08 12:16:50,0.15812147620701844,1263.9833333333333,5.0,True,620.82,2025-07-08 12:16:50,0.15812147620701844
2025-07-07 15:44:54,619.67,high,Buy->Buy->Buy->Buy->Sell,True,620.82,2025-07-08 12:16:50,0.18558264882923023,1231.9333333333334,4.0,True,620.82,2025-07-08 12:16:50,0.18558264882923023
2025-07-08 09:58:50,621.06,low,Buy->Buy->Buy->Sell,False,,,,,,True,620.82,2025-07-08 12:16:50,-0.03864360931309301
2025-07-08 10:00:49,620.83,low,Buy->Buy->Sell,False,,,,,,True,620.82,2025-07-08 12:16:50,-0.0016107469033376134
2025-07-08 11:24:54,619.94,low,Buy->Sell,True,620.82,2025-07-08 12:16:50,0.14194922089234369,51.93333333333333,1.0,True,620.82,2025-07-08 12:16:50,0.14194922089234369
2025-07-08 13:02:50,620.58,high,Buy->Sell,True,620.91,2025-07-08 14:22:50,0.05317606110411667,80.0,1.0,True,620.91,2025-07-08 14:22:50,0.05317606110411667
2025-07-08 14:32:51,620.55,medium,Buy->Buy->Sell,True,624.4,2025-07-09 09:46:33,0.6204173716864109,1153.7,2.0,True,624.4,2025-07-09 09:46:33,0.6204173716864109
2025-07-08 15:12:50,620.32,medium,Buy->Sell,True,624.4,2025-07-09 09:46:33,0.6577250451379815,1113.7166666666667,1.0,True,624.4,2025-07-09 09:46:33,0.6577250451379815
2025-07-09 10:24:33,623.95,high,Other,True,624.135,2025-07-09 15:55:34,0.02964981168361975,331.01666666666665,6.0,True,624.135,2025-07-09 15:55:34,0.02964981168361975
2025-07-09 10:30:39,622.88,low,Other,True,624.135,2025-07-09 15:55:34,0.20148343180066713,324.9166666666667,5.0,True,624.135,2025-07-09 15:55:34,0.20148343180066713
2025-07-09 10:52:35,621.44,low,Buy->Buy->Buy->Buy->Sell,True,624.135,2025-07-09 15:55:34,0.4336701853758908,302.98333333333335,4.0,True,624.135,2025-07-09 15:55:34,0.4336701853758908
2025-07-09 12:18:33,622.12,high,Buy->Buy->Buy->Sell,True,624.135,2025-07-09 15:55:34,0.32389249662444325,217.01666666666668,3.0,True,624.135,2025-07-09 15:55:34,0.32389249662444325
2025-07-09 13:06:34,622.168,high,Buy->Buy->Sell,True,624.135,2025-07-09 15:55:34,0.31615255043653556,169.0,2.0,True,624.135,2025-07-09 15:55:34,0.31615255043653556
2025-07-09 13:54:34,622.43,high,Buy->Sell,True,624.135,2025-07-09 15:55:34,0.2739263852963451,121.0,1.0,True,624.135,2025-07-09 15:55:34,0.2739263852963451
2025-07-10 09:43:07,623.74,low,Buy->Sell,False,,,,,,True,623.615,2025-07-10 09:57:08,-0.020040401449321833
2025-07-11 11:16:50,623.04,medium,Buy->Buy->Sell,True,623.85,2025-07-11 13:42:07,0.13000770416025603,145.28333333333333,2.0,True,623.85,2025-07-11 13:42:07,0.13000770416025603
2025-07-11 11:44:02,624.4097,medium,Buy->Sell,False,,,,,,True,623.85,2025-07-11 13:42:07,-0.08963666003267097
2025-07-11 15:04:50,623.865,high,Buy->Buy->Buy->Sell,False,,,,,,True,623.63,2025-07-14 11:02:38,-0.03766840582498035
2025-07-11 15:52:50,623.94,high,Buy->Buy->Sell,False,,,,,,True,623.63,2025-07-14 11:02:38,-0.04968426451262287
2025-07-14 09:44:41,621.94,low,Buy->Sell,True,623.63,2025-07-14 11:02:38,0.27173039199921867,77.95,1.0,True,623.63,2025-07-14 11:02:38,0.27173039199921867
2025-07-14 15:24:43,624.61,high,Other,False,,,,,,True,623.48,2025-07-16 13:10:16,-0.1809128896431366
2025-07-15 09:52:50,626.36,low,Other,False,,,,,,True,623.48,2025-07-16 13:10:16,-0.4597994763394846
2025-07-15 10:36:50,625.19,low,Other,False,,,,,,True,623.48,2025-07-16 13:10:16,-0.27351685087733907
2025-07-15 11:54:55,624.87,high,Other,False,,,,,,True,623.48,2025-07-16 13:10:16,-0.2224462688239132
2025-07-15 12:34:56,624.23,low,Other,False,,,,,,True,623.48,2025-07-16 13:10:16,-0.12014802236355189
2025-07-15 12:58:52,623.25,low,Other,True,623.48,2025-07-16 13:10:16,0.0369033293221048,1451.4,11.0,True,623.48,2025-07-16 13:10:16,0.0369033293221048
2025-07-15 14:38:51,624.58,medium,Other,False,,,,,,True,623.48,2025-07-16 13:10:16,-0.1761183515322333
2025-07-15 14:54:57,623.98,low,Other,False,,,,,,True,623.48,2025-07-16 13:10:16,-0.08013077342222508
2025-07-15 15:42:50,623.76,low,Other,False,,,,,,True,623.48,2025-07-16 13:10:16,-0.04488905989482697
2025-07-15 15:52:52,623.155,low,Other,True,623.48,2025-07-16 13:10:16,0.05215395848545634,1277.4,7.0,True,623.48,2025-07-16 13:10:16,0.05215395848545634
2025-07-15 15:58:52,622.65,low,Other,True,623.48,2025-07-16 13:10:16,0.13330121255922925,1271.4,6.0,True,623.48,2025-07-16 13:10:16,0.13330121255922925
2025-07-16 09:40:16,623.24,low,Other,True,623.48,2025-07-16 13:10:16,0.03850843976638359,210.0,5.0,True,623.48,2025-07-16 13:10:16,0.03850843976638359
2025-07-16 10:55:18,622.275,low,Buy->Buy->Buy->Buy->Sell,True,623.48,2025-07-16 13:10:16,0.19364428910048467,134.96666666666667,4.0,True,623.48,2025-07-16 13:10:16,0.19364428910048467
2025-07-16 11:19:11,620.24,low,Buy->Buy->Buy->Sell,True,623.48,2025-07-16 13:10:16,0.5223784341545223,111.08333333333333,3.0,True,623.48,2025-07-16 13:10:16,0.5223784341545223
2025-07-16 11:43:12,620.455,high,Buy->Buy->Sell,True,623.48,2025-07-16 13:10:16,0.4875454303696443,87.06666666666666,2.0,True,623.48,2025-07-16 13:10:16,0.4875454303696443
2025-07-16 12:27:12,621.645,high,Buy->Sell,True,623.48,2025-07-16 13:10:16,0.2951845506679916,43.06666666666667,1.0,True,623.48,2025-07-16 13:10:16,0.2951845506679916
2025-07-17 10:20:21,625.42,high,Buy->Sell,True,625.68,2025-07-17 10:36:16,0.04157206357327731,15.916666666666666,1.0,True,625.68,2025-07-17 10:36:16,0.04157206357327731
2025-07-18 09:53:04,628.75,low,Buy->Sell,True,628.9649,2025-07-18 10:01:05,0.03417892644134286,8.016666666666667,1.0,True,628.9649,2025-07-18 10:01:05,0.03417892644134286
2025-07-18 10:41:04,627.32,low,Other,True,630.68,2025-07-21 10:12:52,0.5356118089651055,4291.8,8.0,True,630.68,2025-07-21 10:12:52,0.5356118089651055
2025-07-18 11:02:08,627.16,low,Other,True,630.68,2025-07-21 10:12:52,0.561260284456914,4270.733333333334,7.0,True,630.68,2025-07-21 10:12:52,0.561260284456914
2025-07-18 12:23:05,627.33,low,Other,True,630.68,2025-07-21 10:12:52,0.5340092136514927,4189.783333333334,6.0,True,630.68,2025-07-21 10:12:52,0.5340092136514927
2025-07-18 12:59:10,626.68,low,Other,True,630.68,2025-07-21 10:12:52,0.6382842918235783,4153.7,5.0,True,630.68,2025-07-21 10:12:52,0.6382842918235783
2025-07-18 13:29:12,626.94,low,Buy->Buy->Buy->Buy->Sell,True,630.68,2025-07-21 10:12:52,0.5965483140332242,4123.666666666667,4.0,True,630.68,2025-07-21 10:12:52,0.5965483140332242
2025-07-18 14:11:05,627.0,low,Buy->Buy->Buy->Sell,True,630.68,2025-07-21 10:12:52,0.5869218500797369,4081.7833333333333,3.0,True,630.68,2025-07-21 10:12:52,0.5869218500797369
2025-07-18 15:07:05,627.095,low,Buy->Buy->Sell,True,630.68,2025-07-21 10:12:52,0.571683716183341,4025.7833333333333,2.0,True,630.68,2025-07-21 10:12:52,0.571683716183341
2025-07-18 15:45:06,627.0653,low,Buy->Sell,True,630.68,2025-07-21 10:12:52,0.5764471419483698,3987.766666666667,1.0,True,630.68,2025-07-21 10:12:52,0.5764471419483698
2025-07-21 12:26:51,630.75,high,Buy->Sell,True,631.215,2025-07-21 13:42:51,0.07372175980975534,76.0,1.0,True,631.215,2025-07-21 13:42:51,0.07372175980975534
2025-07-21 14:45:50,630.85,high,Other,False,,,,,,True,628.49,2025-07-22 13:21:06,-0.3740984386145698
2025-07-21 14:50:01,630.4899,high,Other,False,,,,,,True,628.49,2025-07-22 13:21:06,-0.31719778540465515
2025-07-21 15:15:51,629.69,low,Other,False,,,,,,True,628.49,2025-07-22 13:21:06,-0.19056996299767273
2025-07-21 15:45:53,628.735,low,Other,False,,,,,,True,628.49,2025-07-22 13:21:06,-0.03896713241667865
2025-07-22 09:42:54,629.015,low,Other,False,,,,,,True,628.49,2025-07-22 13:21:06,-0.08346382836656951
2025-07-22 09:50:54,627.99,low,Buy->Buy->Buy->Buy->Sell,True,628.49,2025-07-22 13:21:06,0.07961910221500342,210.2,4.0,True,628.49,2025-07-22 13:21:06,0.07961910221500342
2025-07-22 09:55:00,627.14,low,Buy->Buy->Buy->Sell,True,628.49,2025-07-22 13:21:06,0.21526293969448973,206.1,3.0,True,628.49,2025-07-22 13:21:06,0.21526293969448973
2025-07-22 12:14:59,627.7,medium,Buy->Buy->Sell,True,628.49,2025-07-22 13:21:06,0.12585630078062188,66.11666666666666,2.0,True,628.49,2025-07-22 13:21:06,0.12585630078062188
2025-07-22 12:30:57,627.3999,medium,Buy->Sell,True,628.49,2025-07-22 13:21:06,0.17374883228384427,50.15,1.0,True,628.49,2025-07-22 13:21:06,0.17374883228384427
2025-07-22 14:18:56,628.2,high,Buy->Sell,True,629.085,2025-07-22 14:48:54,0.14087870105061936,29.966666666666665,1.0,True,629.085,2025-07-22 14:48:54,0.14087870105061936
2025-07-23 09:46:48,630.2299,low,Buy->Buy->Sell,True,630.705,2025-07-23 11:11:49,0.07538518880173689,85.01666666666667,2.0,True,630.705,2025-07-23 11:11:49,0.07538518880173689
2025-07-23 10:23:48,630.395,low,Buy->Sell,True,630.705,2025-07-23 11:11:49,0.04917551693780235,48.016666666666666,1.0,True,630.705,2025-07-23 11:11:49,0.04917551693780235
2025-07-24 09:42:51,634.34,low,Buy->Sell,True,635.08,2025-07-24 10:02:53,0.11665668253618078,20.033333333333335,1.0,True,635.08,2025-07-24 10:02:53,0.11665668253618078
2025-07-24 10:16:52,634.38,low,Buy->Sell,True,635.525,2025-07-24 11:29:56,0.18049118824678928,73.06666666666666,1.0,True,635.525,2025-07-24 11:29:56,0.18049118824678928
2025-07-24 11:31:51,635.46,high,Buy->Sell,True,635.55,2025-07-24 11:50:00,0.01416296855819692,18.15,1.0,True,635.55,2025-07-24 11:50:00,0.01416296855819692
2025-07-24 12:03:58,635.255,high,Buy->Buy->Buy->Sell,True,635.38,2025-07-24 13:29:54,0.019677137527449606,85.93333333333334,3.0,True,635.38,2025-07-24 13:29:54,0.019677137527449606
2025-07-24 12:37:53,634.49,low,Buy->Buy->Sell,True,635.38,2025-07-24 13:29:54,0.1402701382212464,52.016666666666666,2.0,True,635.38,2025-07-24 13:29:54,0.1402701382212464
2025-07-24 13:01:55,634.885,low,Buy->Sell,True,635.38,2025-07-24 13:29:54,0.0779668758909101,27.983333333333334,1.0,True,635.38,2025-07-24 13:29:54,0.0779668758909101
2025-07-24 14:47:53,635.07,medium,Buy->Buy->Buy->Buy->Sell,True,635.44,2025-07-25 09:55:14,0.058261294030580016,1147.35,4.0,True,635.44,2025-07-25 09:55:14,0.058261294030580016
2025-07-24 15:23:53,635.67,medium,Buy->Buy->Buy->Sell,False,,,,,,True,635.44,2025-07-25 09:55:14,-0.03618229584531353
2025-07-24 15:43:54,634.96,medium,Buy->Buy->Sell,True,635.44,2025-07-25 09:55:14,0.07559531309059125,1091.3333333333333,2.0,True,635.44,2025-07-25 09:55:14,0.07559531309059125
2025-07-25 09:45:13,635.275,low,Buy->Sell,True,635.44,2025-07-25 09:55:14,0.025973003817256667,10.016666666666667,1.0,True,635.44,2025-07-25 09:55:14,0.025973003817256667
2025-07-25 15:54:17,636.92,high,Buy->Buy->Sell,True,637.66,2025-07-28 10:04:57,0.11618413615524857,3970.6666666666665,2.0,True,637.66,2025-07-28 10:04:57,0.11618413615524857
2025-07-28 09:54:53,637.285,low,Buy->Sell,True,637.66,2025-07-28 10:04:57,0.058843374628306015,10.066666666666666,1.0,True,637.66,2025-07-28 10:04:57,0.058843374628306015
2025-07-28 10:54:55,637.34,low,Buy->Buy->Buy->Buy->Sell,True,637.545,2025-07-28 12:20:49,0.032164935513215434,85.9,4.0,True,637.545,2025-07-28 12:20:49,0.032164935513215434
2025-07-28 11:20:50,636.365,low,Buy->Buy->Buy->Sell,True,637.545,2025-07-28 12:20:49,0.18542817408247625,59.983333333333334,3.0,True,637.545,2025-07-28 12:20:49,0.18542817408247625
2025-07-28 11:48:50,637.32,low,Buy->Buy->Sell,True,637.545,2025-07-28 12:20:49,0.035304085859522535,31.983333333333334,2.0,True,637.545,2025-07-28 12:20:49,0.035304085859522535
2025-07-28 12:12:50,637.195,low,Buy->Sell,True,637.545,2025-07-28 12:20:49,0.054928240177639344,7.983333333333333,1.0,True,637.545,2025-07-28 12:20:49,0.054928240177639344
2025-07-28 13:46:50,636.6951,low,Other,False,,,,,,True,635.4801,2025-07-30 11:41:03,-0.19082917396412064
2025-07-28 13:48:50,636.675,low,Other,False,,,,,,True,635.4801,2025-07-30 11:41:03,-0.18767817175167262
2025-07-28 14:00:53,636.11,low,Other,False,,,,,,True,635.4801,2025-07-30 11:41:03,-0.09902375375328488
2025-07-28 14:06:50,635.74,low,Other,False,,,,,,True,635.4801,2025-07-30 11:41:03,-0.04088149243401642
2025-07-28 14:46:49,635.985,low,Other,False,,,,,,True,635.4801,2025-07-30 11:41:03,-0.07938866482700387
2025-07-28 15:08:50,635.87,low,Other,False,,,,,,True,635.4801,2025-07-30 11:41:03,-0.06131756491106853
2025-07-28 15:24:54,636.005,medium,Other,False,,,,,,True,635.4801,2025-07-30 11:41:03,-0.08253079771385483
2025-07-28 15:36:50,635.96,low,Other,False,,,,,,True,635.4801,2025-07-30 11:41:03,-0.07546072080005713
2025-07-29 09:46:28,638.12,low,Other,False,,,,,,True,635.4801,2025-07-30 11:41:03,-0.4136996176267805
2025-07-29 09:50:33,637.37,low,Other,False,,,,,,True,635.4801,2025-07-30 11:41:03,-0.2965153678397181
2025-07-29 10:44:29,637.2,low,Other,False,,,,,,True,635.4801,2025-07-30 11:41:03,-0.26991525423729634
2025-07-29 10:54:31,636.73,low,Other,False,,,,,,True,635.4801,2025-07-30 11:41:03,-0.19629984451808852
2025-07-29 11:20:36,636.265,low,Other,False,,,,,,True,635.4801,2025-07-30 11:41:03,-0.12336054945659329
2025-07-29 11:36:29,635.48,low,Other,True,635.4801,2025-07-30 11:41:03,1.573613645982532e-05,1444.5666666666666,7.0,True,635.4801,2025-07-30 11:41:03,1.573613645982532e-05
2025-07-29 12:40:40,635.32,low,Other,True,635.4801,2025-07-30 11:41:03,0.02519989926335438,1380.3833333333334,6.0,True,635.4801,2025-07-30 11:41:03,0.02519989926335438
2025-07-29 13:40:35,635.65,low,Other,False,,,,,,True,635.4801,2025-07-30 11:41:03,-0.026728545583258743
2025-07-29 15:04:31,635.4017,low,Buy->Buy->Buy->Buy->Sell,True,635.4801,2025-07-30 11:41:03,0.01233865128154171,1236.5333333333333,4.0,True,635.4801,2025-07-30 11:41:03,0.01233865128154171
2025-07-29 15:24:29,635.285,low,Buy->Buy->Buy->Sell,True,635.4801,2025-07-30 11:41:03,0.030710625939542872,1216.5666666666666,3.0,True,635.4801,2025-07-30 11:41:03,0.030710625939542872
2025-07-29 15:37:29,634.66,low,Buy->Buy->Sell,True,635.4801,2025-07-30 11:41:03,0.12921879431507027,1203.5666666666666,2.0,True,635.4801,2025-07-30 11:41:03,0.12921879431507027
2025-07-30 09:41:03,635.76,low,Buy->Sell,False,,,,,,True,635.4801,2025-07-30 11:41:03,-0.04402604756511857
2025-07-30 12:13:03,636.26,low,Buy->Buy->Buy->Sell,True,636.52,2025-07-30 12:53:06,0.04086379781850044,40.05,3.0,True,636.52,2025-07-30 12:53:06,0.04086379781850044
2025-07-30 12:35:10,636.505,low,Buy->Buy->Sell,True,636.52,2025-07-30 12:53:06,0.0023566193509848873,17.933333333333334,2.0,True,636.52,2025-07-30 12:53:06,0.0023566193509848873
2025-07-30 12:51:06,636.505,low,Buy->Sell,True,636.52,2025-07-30 12:53:06,0.0023566193509848873,2.0,1.0,True,636.52,2025-07-30 12:53:06,0.0023566193509848873
2025-07-30 15:03:06,632.38,high,Buy->Sell,False,,,,,,True,631.85,2025-07-30 15:05:11,-0.08381036718428361
2025-07-30 15:51:04,633.305,low,Buy->Buy->Sell,True,639.63,2025-07-31 09:56:46,0.9987288905030034,1085.7,2.0,True,639.63,2025-07-31 09:56:46,0.9987288905030034
2025-07-31 09:40:47,638.09,low,Buy->Sell,True,639.63,2025-07-31 09:56:46,0.24134526477455587,15.983333333333333,1.0,True,639.63,2025-07-31 09:56:46,0.24134526477455587
2025-07-31 10:26:46,638.58,high,Other,False,,,,,,True,628.25,2025-08-04 09:50:50,-1.617651664630906
2025-07-31 10:46:46,637.86,low,Other,False,,,,,,True,628.25,2025-08-04 09:50:50,-1.5066001944000271
2025-07-31 11:00:47,636.885,medium,Other,False,,,,,,True,628.25,2025-08-04 09:50:50,-1.3558177692990085
2025-07-31 13:14:49,637.065,medium,Other,False,,,,,,True,628.25,2025-08-04 09:50:50,-1.3836892624771497
2025-07-31 13:22:46,636.11,low,Other,False,,,,,,True,628.25,2025-08-04 09:50:50,-1.2356353460879428
2025-07-31 13:52:49,633.735,low,Other,False,,,,,,True,628.25,2025-08-04 09:50:50,-0.8655037200091541
2025-07-31 15:25:03,633.06,low,Other,False,,,,,,True,628.25,2025-08-04 09:50:50,-0.7598015985846438
2025-07-31 15:51:46,631.33,low,Other,False,,,,,,True,628.25,2025-08-04 09:50:50,-0.4878589644084774
2025-08-01 09:44:26,622.282,low,Other,True,628.25,2025-08-04 09:50:50,0.95905071977013,4326.4,8.0,True,628.25,2025-08-04 09:50:50,0.95905071977013
2025-08-01 10:04:27,621.03,medium,Other,True,628.25,2025-08-04 09:50:50,1.1625847382574155,4306.383333333333,7.0,True,628.25,2025-08-04 09:50:50,1.1625847382574155
2025-08-01 11:02:27,622.09,medium,Other,True,628.25,2025-08-04 09:50:50,0.9902104197141841,4248.383333333333,6.0,True,628.25,2025-08-04 09:50:50,0.9902104197141841
2025-08-01 11:28:26,621.41,medium,Other,True,628.25,2025-08-04 09:50:50,1.1007225503290954,4222.4,5.0,True,628.25,2025-08-04 09:50:50,1.1007225503290954
2025-08-01 12:54:26,622.34,medium,Buy->Buy->Buy->Buy->Sell,True,628.25,2025-08-04 09:50:50,0.9496416749686616,4136.4,4.0,True,628.25,2025-08-04 09:50:50,0.9496416749686616
2025-08-01 13:28:27,620.51,low,Buy->Buy->Buy->Sell,True,628.25,2025-08-04 09:50:50,1.2473610417237448,4102.383333333333,3.0,True,628.25,2025-08-04 09:50:50,1.2473610417237448
2025-08-01 14:10:31,619.895,low,Buy->Buy->Sell,True,628.25,2025-08-04 09:50:50,1.3478089031206928,4060.3166666666666,2.0,True,628.25,2025-08-04 09:50:50,1.3478089031206928
2025-08-01 15:16:26,621.7,high,Buy->Sell,True,628.25,2025-08-04 09:50:50,1.0535628116454807,3994.4,1.0,True,628.25,2025-08-04 09:50:50,1.0535628116454807
2025-08-04 10:46:52,628.87,high,Buy->Sell,True,629.225,2025-08-04 11:28:50,0.05645045875936493,41.96666666666667,1.0,True,629.225,2025-08-04 11:28:50,0.05645045875936493
2025-08-05 10:26:51,629.36,low,Other,True,630.89,2025-08-06 10:56:50,0.24310410575822625,1469.9833333333333,7.0,True,630.89,2025-08-06 10:56:50,0.24310410575822625
2025-08-05 10:45:06,627.56,low,Other,True,630.89,2025-08-06 10:56:50,0.5306265536363123,1451.7333333333333,6.0,True,630.89,2025-08-06 10:56:50,0.5306265536363123
2025-08-05 11:30:50,627.92,low,Other,True,630.89,2025-08-06 10:56:50,0.47299018983310415,1406.0,5.0,True,630.89,2025-08-06 10:56:50,0.47299018983310415
2025-08-05 12:46:51,627.885,low,Buy->Buy->Buy->Buy->Sell,True,630.89,2025-08-06 10:56:50,0.47859082475293974,1329.9833333333333,4.0,True,630.89,2025-08-06 10:56:50,0.47859082475293974
2025-08-05 14:16:50,629.145,medium,Buy->Buy->Buy->Sell,True,630.89,2025-08-06 10:56:50,0.27736054486644646,1240.0,3.0,True,630.89,2025-08-06 10:56:50,0.27736054486644646
2025-08-05 15:48:52,628.31,low,Buy->Buy->Sell,True,630.89,2025-08-06 10:56:50,0.41062532826153353,1147.9666666666667,2.0,True,630.89,2025-08-06 10:56:50,0.41062532826153353
2025-08-06 09:50:50,628.75,low,Buy->Sell,True,630.89,2025-08-06 10:56:50,0.3403578528827016,66.0,1.0,True,630.89,2025-08-06 10:56:50,0.3403578528827016
2025-08-07 09:44:44,636.2,low,Other,False,,,,,,True,636.16,2025-08-08 10:18:50,-0.006287331027990775
2025-08-07 10:14:47,634.685,low,Other,True,636.16,2025-08-08 10:18:50,0.2323987489857209,1444.05,6.0,True,636.16,2025-08-08 10:18:50,0.2323987489857209
2025-08-07 12:00:44,631.795,low,Other,True,636.16,2025-08-08 10:18:50,0.690888658504738,1338.1,5.0,True,636.16,2025-08-08 10:18:50,0.690888658504738
2025-08-07 12:40:44,631.4,low,Buy->Buy->Buy->Buy->Sell,True,636.16,2025-08-08 10:18:50,0.7538802660753866,1298.1,4.0,True,636.16,2025-08-08 10:18:50,0.7538802660753866
2025-08-07 12:44:49,630.5607,low,Buy->Buy->Buy->Sell,True,636.16,2025-08-08 10:18:50,0.8879874689304252,1294.0166666666667,3.0,True,636.16,2025-08-08 10:18:50,0.8879874689304252
2025-08-07 13:24:47,630.94,low,Buy->Buy->Sell,True,636.16,2025-08-08 10:18:50,0.8273369892541149,1254.05,2.0,True,636.16,2025-08-08 10:18:50,0.8273369892541149
2025-08-07 14:12:42,630.01,low,Buy->Sell,True,636.16,2025-08-08 10:18:50,0.9761749813494989,1206.1333333333334,1.0,True,636.16,2025-08-08 10:18:50,0.9761749813494989
2025-08-08 11:40:53,634.93,medium,Buy->Sell,True,636.67,2025-08-08 12:02:51,0.2740459578221236,21.966666666666665,1.0,True,636.67,2025-08-08 12:02:51,0.2740459578221236
2025-08-08 12:02:52,636.67,high,Buy->Sell,True,637.09,2025-08-08 12:18:51,0.06596824100398523,15.983333333333333,1.0,True,637.09,2025-08-08 12:18:51,0.06596824100398523
2025-08-08 15:36:52,636.83,high,Buy->Buy->Sell,True,637.34,2025-08-11 09:56:50,0.08008416688912126,3979.9666666666667,2.0,True,637.34,2025-08-11 09:56:50,0.08008416688912126
2025-08-11 09:50:52,637.35,high,Buy->Sell,False,,,,,,True,637.34,2025-08-11 09:56:50,-0.0015689966266558258
2025-08-11 10:44:56,637.265,low,Buy->Buy->Buy->Sell,True,637.605,2025-08-11 11:52:52,0.05335300071399368,67.93333333333334,3.0,True,637.605,2025-08-11 11:52:52,0.05335300071399368
2025-08-11 11:20:54,637.2799,low,Buy->Buy->Sell,True,637.605,2025-08-11 11:52:52,0.051013691158315264,31.966666666666665,2.0,True,637.605,2025-08-11 11:52:52,0.051013691158315264
2025-08-11 11:28:52,637.1,low,Buy->Sell,True,637.605,2025-08-11 11:52:52,0.07926542144090337,24.0,1.0,True,637.605,2025-08-11 11:52:52,0.07926542144090337
2025-08-11 12:42:52,637.67,medium,Other,True,640.1308,2025-08-12 10:52:50,0.3859049351545569,1329.9666666666667,10.0,True,640.1308,2025-08-12 10:52:50,0.3859049351545569
2025-08-11 13:12:53,637.26,high,Other,True,640.1308,2025-08-12 10:52:50,0.45049116530145167,1299.95,9.0,True,640.1308,2025-08-12 10:52:50,0.45049116530145167
2025-08-11 13:38:54,636.65,high,Other,True,640.1308,2025-08-12 10:52:50,0.5467368255713572,1273.9333333333334,8.0,True,640.1308,2025-08-12 10:52:50,0.5467368255713572
2025-08-11 13:42:55,636.6,low,Other,True,640.1308,2025-08-12 10:52:50,0.5546339930882813,1269.9166666666667,7.0,True,640.1308,2025-08-12 10:52:50,0.5546339930882813
2025-08-11 14:14:55,636.58,low,Other,True,640.1308,2025-08-12 10:52:50,0.5577932074523203,1237.9166666666667,6.0,True,640.1308,2025-08-12 10:52:50,0.5577932074523203
2025-08-11 14:46:53,636.125,low,Other,True,640.1308,2025-08-12 10:52:50,0.6297190017685238,1205.95,5.0,True,640.1308,2025-08-12 10:52:50,0.6297190017685238
2025-08-11 15:16:55,636.2,low,Buy->Buy->Buy->Buy->Sell,True,640.1308,2025-08-12 10:52:50,0.6178560201194555,1175.9166666666667,4.0,True,640.1308,2025-08-12 10:52:50,0.6178560201194555
2025-08-11 15:32:54,636.17,low,Buy->Buy->Buy->Sell,True,640.1308,2025-08-12 10:52:50,0.6226008771240491,1159.9333333333334,3.0,True,640.1308,2025-08-12 10:52:50,0.6226008771240491
2025-08-11 15:52:52,634.8599,low,Buy->Buy->Sell,True,640.1308,2025-08-12 10:52:50,0.8302461692729345,1139.9666666666667,2.0,True,640.1308,2025-08-12 10:52:50,0.8302461692729345
2025-08-12 09:50:50,637.08,low,Buy->Sell,True,640.1308,2025-08-12 10:52:50,0.47887235512023313,62.0,1.0,True,640.1308,2025-08-12 10:52:50,0.47887235512023313
2025-08-13 10:00:57,645.32,low,Other,False,,,,,,True,644.0,2025-08-14 10:01:01,-0.2045496807785362
2025-08-13 10:34:56,644.05,low,Other,False,,,,,,True,644.0,2025-08-14 10:01:01,-0.007763372408967398
2025-08-13 11:07:01,643.46,low,Other,True,644.0,2025-08-14 10:01:01,0.08392130046933198,1374.0,7.0,True,644.0,2025-08-14 10:01:01,0.08392130046933198
2025-08-13 11:58:56,643.46,low,Other,True,644.0,2025-08-14 10:01:01,0.08392130046933198,1322.0833333333333,6.0,True,644.0,2025-08-14 10:01:01,0.08392130046933198
2025-08-13 12:28:56,643.48,low,Other,True,644.0,2025-08-14 10:01:01,0.08081059240380149,1292.0833333333333,5.0,True,644.0,2025-08-14 10:01:01,0.08081059240380149
2025-08-13 12:52:56,642.9401,low,Buy->Buy->Buy->Buy->Sell,True,644.0,2025-08-14 10:01:01,0.1648520600908188,1268.0833333333333,4.0,True,644.0,2025-08-14 10:01:01,0.1648520600908188
2025-08-13 13:34:56,642.79,low,Buy->Buy->Buy->Sell,True,644.0,2025-08-14 10:01:01,0.1882418830411233,1226.0833333333333,3.0,True,644.0,2025-08-14 10:01:01,0.1882418830411233
2025-08-13 13:50:57,643.135,low,Buy->Buy->Sell,True,644.0,2025-08-14 10:01:01,0.13449742278059956,1210.0666666666666,2.0,True,644.0,2025-08-14 10:01:01,0.13449742278059956
2025-08-13 14:38:57,643.69,medium,Buy->Sell,True,644.0,2025-08-14 10:01:01,0.048159828488860384,1162.0666666666666,1.0,True,644.0,2025-08-14 10:01:01,0.048159828488860384
2025-08-14 11:13:08,644.19,high,Buy->Buy->Sell,True,644.755,2025-08-14 13:35:08,0.0877070429531568,142.0,2.0,True,644.755,2025-08-14 13:35:08,0.0877070429531568
2025-08-14 11:27:10,643.185,medium,Buy->Sell,True,644.755,2025-08-14 13:35:08,0.2440977323787169,127.96666666666667,1.0,True,644.755,2025-08-14 13:35:08,0.2440977323787169
2025-08-14 14:17:02,644.1499,high,Buy->Sell,True,645.41,2025-08-14 15:19:02,0.1956221680698803,62.0,1.0,True,645.41,2025-08-14 15:19:02,0.1956221680698803
2025-08-15 09:58:50,643.95,low,Other,False,,,,,,True,643.78,2025-08-18 10:27:23,-0.02639956518364357
2025-08-15 10:56:50,643.7899,low,Other,False,,,,,,True,643.78,2025-08-18 10:27:23,-0.0015377687658684933
2025-08-15 11:28:51,643.53,low,Other,True,643.78,2025-08-18 10:27:23,0.03884822774385033,4258.533333333334,9.0,True,643.78,2025-08-18 10:27:23,0.03884822774385033
2025-08-15 11:44:54,642.63,low,Other,True,643.78,2025-08-18 10:27:23,0.1789521186374706,4242.483333333334,8.0,True,643.78,2025-08-18 10:27:23,0.1789521186374706
2025-08-15 12:06:50,643.42,low,Other,True,643.78,2025-08-18 10:27:23,0.0559510117807985,4220.55,7.0,True,643.78,2025-08-18 10:27:23,0.0559510117807985
2025-08-15 12:32:50,643.36,low,Other,True,643.78,2025-08-18 10:27:23,0.06528226809250794,4194.55,6.0,True,643.78,2025-08-18 10:27:23,0.06528226809250794
2025-08-15 14:58:50,644.22,medium,Other,False,,,,,,True,643.78,2025-08-18 10:27:23,-0.06829964918817401
2025-08-15 15:04:56,643.65,medium,Buy->Buy->Buy->Buy->Sell,True,643.78,2025-08-18 10:27:23,0.020197312203836783,4042.45,4.0,True,643.78,2025-08-18 10:27:23,0.020197312203836783
2025-08-15 15:50:50,643.55,medium,Buy->Buy->Buy->Sell,True,643.78,2025-08-18 10:27:23,0.03573925879885295,3996.55,3.0,True,643.78,2025-08-18 10:27:23,0.03573925879885295
2025-08-15 15:52:52,643.44,low,Buy->Buy->Sell,True,643.78,2025-08-18 10:27:23,0.0528409797339174,3994.516666666667,2.0,True,643.78,2025-08-18 10:27:23,0.0528409797339174
2025-08-18 09:45:30,643.54,low,Buy->Sell,True,643.78,2025-08-18 10:27:23,0.037293719116140274,41.88333333333333,1.0,True,643.78,2025-08-18 10:27:23,0.037293719116140274
2025-08-18 10:31:26,643.05,low,Other,True,643.76,2025-08-18 13:31:24,0.11041132104813567,179.96666666666667,5.0,True,643.76,2025-08-18 13:31:24,0.11041132104813567
2025-08-18 11:09:22,643.3,low,Buy->Buy->Buy->Buy->Sell,True,643.76,2025-08-18 13:31:24,0.07150629566299338,142.03333333333333,4.0,True,643.76,2025-08-18 13:31:24,0.07150629566299338
2025-08-18 11:49:23,642.98,low,Buy->Buy->Buy->Sell,True,643.76,2025-08-18 13:31:24,0.12131014961584694,102.01666666666667,3.0,True,643.76,2025-08-18 13:31:24,0.12131014961584694
2025-08-18 12:11:23,643.135,low,Buy->Buy->Sell,True,643.76,2025-08-18 13:31:24,0.0971802187721085,80.01666666666667,2.0,True,643.76,2025-08-18 13:31:24,0.0971802187721085
2025-08-18 12:37:23,642.59,low,Buy->Sell,True,643.76,2025-08-18 13:31:24,0.18207566255309904,54.016666666666666,1.0,True,643.76,2025-08-18 13:31:24,0.18207566255309904
2025-08-18 14:21:23,642.62,low,Buy->Sell,True,643.435,2025-08-18 14:53:24,0.12682456194950997,32.016666666666666,1.0,True,643.435,2025-08-18 14:53:24,0.12682456194950997
2025-08-19 10:46:07,642.11,low,Other,False,,,,,,True,638.47,2025-08-20 15:55:46,-0.5668810639921487
2025-08-19 11:22:07,641.21,high,Other,False,,,,,,True,638.47,2025-08-20 15:55:46,-0.4273171036010058
2025-08-19 11:54:06,640.86,high,Other,False,,,,,,True,638.47,2025-08-20 15:55:46,-0.3729363667571679
2025-08-19 12:10:13,640.46,low,Other,False,,,,,,True,638.47,2025-08-20 15:55:46,-0.3107141741873043
2025-08-19 12:42:07,639.85,low,Other,False,,,,,,True,638.47,2025-08-20 15:55:46,-0.21567554895678603
2025-08-19 13:56:08,639.8542,high,Other,False,,,,,,True,638.47,2025-08-20 15:55:46,-0.21633053279949782
2025-08-19 14:05:15,639.205,high,Other,False,,,,,,True,638.47,2025-08-20 15:55:46,-0.11498658489843064
2025-08-19 14:45:14,638.91,low,Other,False,,,,,,True,638.47,2025-08-20 15:55:46,-0.0688672896025952
2025-08-19 15:04:08,638.84,low,Other,False,,,,,,True,638.47,2025-08-20 15:55:46,-0.05791747542420708
2025-08-19 15:52:07,639.07,low,Other,False,,,,,,True,638.47,2025-08-20 15:55:46,-0.09388642871673254
2025-08-20 09:48:45,637.67,low,Buy->Buy->Buy->Buy->Sell,True,638.47,2025-08-20 15:55:46,0.12545674094752274,367.01666666666665,4.0,True,638.47,2025-08-20 15:55:46,0.12545674094752274
2025-08-20 10:42:45,633.76,low,Buy->Buy->Buy->Sell,True,638.47,2025-08-20 15:55:46,0.7431835395102304,313.01666666666665,3.0,True,638.47,2025-08-20 15:55:46,0.7431835395102304
2025-08-20 14:04:52,636.17,high,Buy->Buy->Sell,True,638.47,2025-08-20 15:55:46,0.36153858245438614,110.9,2.0,True,638.47,2025-08-20 15:55:46,0.36153858245438614
2025-08-20 15:13:46,638.12,high,Buy->Sell,True,638.47,2025-08-20 15:55:46,0.054848617814834626,42.0,1.0,True,638.47,2025-08-20 15:55:46,0.054848617814834626
2025-08-21 09:45:16,634.9399,low,Buy->Buy->Sell,True,636.675,2025-08-21 10:03:12,0.2732699583062883,17.933333333333334,2.0,True,636.675,2025-08-21 10:03:12,0.2732699583062883
2025-08-21 09:47:12,635.54,low,Buy->Sell,True,636.675,2025-08-21 10:03:12,0.17858828712590727,16.0,1.0,True,636.675,2025-08-21 10:03:12,0.17858828712590727
2025-08-21 10:40:22,636.33,high,Other,True,639.41,2025-08-22 09:44:54,0.4840255842094396,1384.5333333333333,10.0,True,639.41,2025-08-22 09:44:54,0.4840255842094396
2025-08-21 11:55:17,635.605,medium,Other,True,639.41,2025-08-22 09:44:54,0.5986422384971719,1309.6166666666666,9.0,True,639.41,2025-08-22 09:44:54,0.5986422384971719
2025-08-21 12:13:12,635.66,low,Other,True,639.41,2025-08-22 09:44:54,0.5899380171789951,1291.7,8.0,True,639.41,2025-08-22 09:44:54,0.5899380171789951
2025-08-21 12:37:15,635.18,low,Other,True,639.41,2025-08-22 09:44:54,0.6659529582165715,1267.65,7.0,True,639.41,2025-08-22 09:44:54,0.6659529582165715
2025-08-21 13:00:17,634.99,low,Other,True,639.41,2025-08-22 09:44:54,0.6960739539205277,1244.6166666666666,6.0,True,639.41,2025-08-22 09:44:54,0.6960739539205277
2025-08-21 13:19:12,634.37,low,Other,True,639.41,2025-08-22 09:44:54,0.7944890206031122,1225.7,5.0,True,639.41,2025-08-22 09:44:54,0.7944890206031122
2025-08-21 14:13:12,635.89,high,Buy->Buy->Buy->Buy->Sell,True,639.41,2025-08-22 09:44:54,0.553554860117313,1171.7,4.0,True,639.41,2025-08-22 09:44:54,0.553554860117313
2025-08-21 14:33:13,635.57,medium,Buy->Buy->Buy->Sell,True,639.41,2025-08-22 09:44:54,0.6041820727850461,1151.6833333333334,3.0,True,639.41,2025-08-22 09:44:54,0.6041820727850461
2025-08-21 15:33:11,635.77,medium,Buy->Buy->Sell,True,639.41,2025-08-22 09:44:54,0.5725340925177322,1091.7166666666667,2.0,True,639.41,2025-08-22 09:44:54,0.5725340925177322
2025-08-21 15:43:15,635.37,medium,Buy->Sell,True,639.41,2025-08-22 09:44:54,0.635849977178646,1081.65,1.0,True,639.41,2025-08-22 09:44:54,0.635849977178646
2025-08-22 12:58:50,644.4399,high,Buy->Sell,True,645.35,2025-08-22 13:10:52,0.14122340966163902,12.033333333333333,1.0,True,645.35,2025-08-22 13:10:52,0.14122340966163902
2025-08-22 15:40:50,644.425,high,Buy->Buy->Sell,False,,,,,,True,644.23,2025-08-25 10:02:15,-0.03025953369281706
2025-08-25 09:40:20,643.99,low,Buy->Sell,True,644.23,2025-08-25 10:02:15,0.03726765943570694,21.916666666666668,1.0,True,644.23,2025-08-25 10:02:15,0.03726765943570694
2025-08-25 10:20:20,643.85,low,Buy->Sell,True,644.53,2025-08-25 11:08:16,0.10561466180010096,47.93333333333333,1.0,True,644.53,2025-08-25 11:08:16,0.10561466180010096
2025-08-25 13:06:16,644.71,high,Other,False,,,,,,True,643.18,2025-08-26 10:24:54,-0.2373160025437928
2025-08-25 13:40:34,644.0907,medium,Other,False,,,,,,True,643.18,2025-08-26 10:24:54,-0.14139312988062394
2025-08-25 14:24:14,644.22,high,Other,False,,,,,,True,643.18,2025-08-26 10:24:54,-0.1614355344447669
2025-08-25 15:00:22,643.935,low,Other,False,,,,,,True,643.18,2025-08-26 10:24:54,-0.11724785886774217
2025-08-25 15:18:17,643.6642,low,Buy->Buy->Buy->Buy->Sell,False,,,,,,True,643.18,2025-08-26 10:24:54,-0.07522556016011156
2025-08-25 15:44:16,643.579,low,Buy->Buy->Buy->Sell,False,,,,,,True,643.18,2025-08-26 10:24:54,-0.06199705086710426
2025-08-25 15:58:16,642.92,low,Buy->Buy->Sell,True,643.18,2025-08-26 10:24:54,0.040440490263172854,1106.6333333333334,2.0,True,643.18,2025-08-26 10:24:54,0.040440490263172854
2025-08-26 09:50:50,642.15,low,Buy->Sell,True,643.18,2025-08-26 10:24:54,0.16039866074904194,34.06666666666667,1.0,True,643.18,2025-08-26 10:24:54,0.16039866074904194
2025-08-26 11:08:50,642.555,high,Buy->Sell,True,642.68,2025-08-26 11:44:57,0.019453587630630844,36.11666666666667,1.0,True,642.68,2025-08-26 11:44:57,0.019453587630630844
2025-08-26 13:56:49,642.76,medium,Buy->Sell,True,643.915,2025-08-26 15:16:50,0.17969382039952278,80.01666666666667,1.0,True,643.915,2025-08-26 15:16:50,0.17969382039952278
2025-08-27 09:50:48,644.98,low,Buy->Sell,True,646.22,2025-08-27 10:24:53,0.19225402338057135,34.083333333333336,1.0,True,646.22,2025-08-27 10:24:53,0.19225402338057135
2025-08-27 12:22:47,645.99,high,Buy->Sell,True,646.59,2025-08-27 13:32:47,0.09288069474760023,70.0,1.0,True,646.59,2025-08-27 13:32:47,0.09288069474760023
2025-08-28 09:56:24,645.395,low,Buy->Sell,True,647.37,2025-08-28 11:18:27,0.30601414637547897,82.05,1.0,True,647.37,2025-08-28 11:18:27,0.30601414637547897
2025-08-28 11:32:24,646.65,high,Buy->Sell,True,647.69,2025-08-28 12:16:25,0.16082888734246925,44.016666666666666,1.0,True,647.69,2025-08-28 12:16:25,0.16082888734246925
2025-08-28 13:03:25,647.7,high,Buy->Sell,True,648.23,2025-08-28 13:30:29,0.08182800679326427,27.066666666666666,1.0,True,648.23,2025-08-28 13:30:29,0.08182800679326427
2025-08-29 10:20:47,644.51,medium,Other,False,,,,,,True,638.8,2025-09-02 09:51:08,-0.8859443608322658
2025-08-29 10:46:36,644.17,low,Other,False,,,,,,True,638.8,2025-09-02 09:51:08,-0.8336308738376523
2025-08-29 11:42:37,644.26,medium,Other,False,,,,,,True,638.8,2025-09-02 09:51:08,-0.8474839350572807
2025-08-29 13:02:38,644.37,low,Other,False,,,,,,True,638.8,2025-09-02 09:51:08,-0.8644101991092152
2025-08-29 14:06:36,644.44,medium,Buy->Buy->Buy->Buy->Sell,False,,,,,,True,638.8,2025-09-02 09:51:08,-0.8751784495065638
2025-08-29 14:50:47,644.36,high,Buy->Buy->Buy->Sell,False,,,,,,True,638.8,2025-09-02 09:51:08,-0.8628716866348095
2025-08-29 15:30:45,644.745,high,Buy->Buy->Sell,False,,,,,,True,638.8,2025-09-02 09:51:08,-0.9220699656453404
2025-08-29 15:52:36,644.295,low,Buy->Sell,False,,,,,,True,638.8,2025-09-02 09:51:08,-0.8528701914495695
2025-09-02 11:01:01,637.58,high,Buy->Buy->Buy->Buy->Sell,True,639.22,2025-09-02 15:30:58,0.25722262304338067,269.95,4.0,True,639.22,2025-09-02 15:30:58,0.25722262304338067
2025-09-02 11:36:58,635.52,low,Buy->Buy->Buy->Sell,True,639.22,2025-09-02 15:30:58,0.5822004028197454,234.0,3.0,True,639.22,2025-09-02 15:30:58,0.5822004028197454
2025-09-02 14:09:09,638.1,high,Buy->Buy->Sell,True,639.22,2025-09-02 15:30:58,0.17552107820090965,81.81666666666666,2.0,True,639.22,2025-09-02 15:30:58,0.17552107820090965
2025-09-02 14:40:58,637.635,high,Buy->Sell,True,639.22,2025-09-02 15:30:58,0.24857481160852785,50.0,1.0,True,639.22,2025-09-02 15:30:58,0.24857481160852785
2025-09-03 09:47:33,642.57,low,Buy->Sell,True,642.64,2025-09-03 10:27:35,0.010893754766007801,40.03333333333333,1.0,True,642.64,2025-09-03 10:27:35,0.010893754766007801
2025-09-03 11:24:45,643.355,high,Other,True,645.69,2025-09-04 10:38:51,0.36294114446923337,1394.1,7.0,True,645.69,2025-09-04 10:38:51,0.36294114446923337
2025-09-03 11:48:36,642.43,high,Other,True,645.69,2025-09-04 10:38:51,0.5074482823031465,1370.25,6.0,True,645.69,2025-09-04 10:38:51,0.5074482823031465
2025-09-03 13:36:37,642.07,low,Other,True,645.69,2025-09-04 10:38:51,0.5638014546700522,1262.2333333333333,5.0,True,645.69,2025-09-04 10:38:51,0.5638014546700522
2025-09-03 13:46:36,640.97,low,Buy->Buy->Buy->Buy->Sell,True,645.69,2025-09-04 10:38:51,0.7363839181240974,1252.25,4.0,True,645.69,2025-09-04 10:38:51,0.7363839181240974
2025-09-03 15:20:52,640.8701,low,Buy->Buy->Buy->Sell,True,645.69,2025-09-04 10:38:51,0.7520868893711963,1157.9833333333333,3.0,True,645.69,2025-09-04 10:38:51,0.7520868893711963
2025-09-04 09:41:07,644.7687,low,Buy->Buy->Sell,True,645.69,2025-09-04 10:38:51,0.14288844976502235,57.733333333333334,2.0,True,645.69,2025-09-04 10:38:51,0.14288844976502235
2025-09-04 10:06:48,644.0191,low,Buy->Sell,True,645.69,2025-09-04 10:38:51,0.25944882690592164,32.05,1.0,True,645.69,2025-09-04 10:38:51,0.25944882690592164
2025-09-05 09:40:39,651.5709,low,Other,False,,,,,,True,648.4575,2025-09-08 09:58:25,-0.47782981099985733
2025-09-05 11:02:23,643.76,low,Other,True,648.4575,2025-09-08 09:58:25,0.7296974027587907,4256.033333333334,5.0,True,648.4575,2025-09-08 09:58:25,0.7296974027587907
2025-09-05 13:05:26,645.45,medium,Buy->Buy->Buy->Buy->Sell,True,648.4575,2025-09-08 09:58:25,0.4659539855914379,4132.983333333334,4.0,True,648.4575,2025-09-08 09:58:25,0.4659539855914379
2025-09-05 13:41:24,645.32,low,Buy->Buy->Buy->Sell,True,648.4575,2025-09-08 09:58:25,0.4861928965474387,4097.016666666666,3.0,True,648.4575,2025-09-08 09:58:25,0.4861928965474387
2025-09-05 15:52:23,646.34,medium,Buy->Buy->Sell,True,648.4575,2025-09-08 09:58:25,0.3276139493145945,3966.0333333333333,2.0,True,648.4575,2025-09-08 09:58:25,0.3276139493145945
2025-09-08 09:40:44,648.49,low,Buy->Sell,False,,,,,,True,648.4575,2025-09-08 09:58:25,-0.005011642430882092
2025-09-08 12:22:26,648.49,medium,Other,True,649.245,2025-09-09 13:01:21,0.11642430877885479,1478.9166666666667,10.0,True,649.245,2025-09-09 13:01:21,0.11642430877885479
2025-09-08 12:39:28,648.15,low,Other,True,649.245,2025-09-09 13:01:21,0.16894237445036292,1461.8833333333334,9.0,True,649.245,2025-09-09 13:01:21,0.16894237445036292
2025-09-08 13:37:26,648.34,medium,Other,True,649.245,2025-09-09 13:01:21,0.13958725360150118,1403.9166666666667,8.0,True,649.245,2025-09-09 13:01:21,0.13958725360150118
2025-09-08 13:40:29,648.2199,low,Other,True,649.245,2025-09-09 13:01:21,0.15814077907820356,1400.8666666666666,7.0,True,649.245,2025-09-09 13:01:21,0.15814077907820356
2025-09-08 13:54:26,647.72,low,Other,True,649.245,2025-09-09 13:01:21,0.23544124004198994,1386.9166666666667,6.0,True,649.245,2025-09-09 13:01:21,0.23544124004198994
2025-09-08 15:12:26,647.48,low,Other,True,649.245,2025-09-09 13:01:21,0.2725952925186857,1308.9166666666667,5.0,True,649.245,2025-09-09 13:01:21,0.2725952925186857
2025-09-09 09:42:53,649.07,low,Buy->Buy->Buy->Buy->Sell,True,649.245,2025-09-09 13:01:21,0.026961652826344537,198.46666666666667,4.0,True,649.245,2025-09-09 13:01:21,0.026961652826344537
2025-09-09 10:02:55,648.76,low,Buy->Buy->Buy->Sell,True,649.245,2025-09-09 13:01:21,0.07475799987668995,178.43333333333334,3.0,True,649.245,2025-09-09 13:01:21,0.07475799987668995
2025-09-09 10:34:52,647.62,low,Buy->Buy->Sell,True,649.245,2025-09-09 13:01:21,0.25091874864889907,146.48333333333332,2.0,True,649.245,2025-09-09 13:01:21,0.25091874864889907
2025-09-09 11:43:10,648.14,medium,Buy->Sell,True,649.245,2025-09-09 13:01:21,0.17048785756164073,78.18333333333334,1.0,True,649.245,2025-09-09 13:01:21,0.17048785756164073
2025-09-10 10:37:35,653.55,low,Other,True,655.73,2025-09-11 10:22:31,0.3335628490551701,1424.9333333333334,12.0,True,655.73,2025-09-11 10:22:31,0.3335628490551701
2025-09-10 11:31:35,652.58,low,Other,True,655.73,2025-09-11 10:22:31,0.4826994391492196,1370.9333333333334,11.0,True,655.73,2025-09-11 10:22:31,0.4826994391492196
2025-09-10 12:24:35,652.88,low,Other,True,655.73,2025-09-11 10:22:31,0.4365273863497155,1317.9333333333334,10.0,True,655.73,2025-09-11 10:22:31,0.4365273863497155
2025-09-10 12:38:34,652.655,low,Other,True,655.73,2025-09-11 10:22:31,0.47115244654527205,1303.95,9.0,True,655.73,2025-09-11 10:22:31,0.47115244654527205
2025-09-10 13:20:36,652.865,low,Other,True,655.73,2025-09-11 10:22:31,0.4388349811982583,1261.9166666666667,8.0,True,655.73,2025-09-11 10:22:31,0.4388349811982583
2025-09-10 13:47:02,652.26,low,Other,True,655.73,2025-09-11 10:22:31,0.5319964431361769,1235.4833333333333,7.0,True,655.73,2025-09-11 10:22:31,0.5319964431361769
2025-09-10 13:54:35,652.17,low,Other,True,655.73,2025-09-11 10:22:31,0.5458699418863271,1227.9333333333334,6.0,True,655.73,2025-09-11 10:22:31,0.5458699418863271
2025-09-10 14:23:34,651.67,high,Other,True,655.73,2025-09-11 10:22:31,0.6230147160372673,1198.95,5.0,True,655.73,2025-09-11 10:22:31,0.6230147160372673
2025-09-10 14:44:38,651.835,low,Buy->Buy->Buy->Buy->Sell,True,655.73,2025-09-11 10:22:31,0.5975438569576629,1177.8833333333334,4.0,True,655.73,2025-09-11 10:22:31,0.5975438569576629
2025-09-10 14:59:34,651.995,medium,Buy->Buy->Buy->Sell,True,655.73,2025-09-11 10:22:31,0.5728571538125313,1162.95,3.0,True,655.73,2025-09-11 10:22:31,0.5728571538125313
2025-09-10 15:15:37,651.2,high,Buy->Buy->Sell,True,655.73,2025-09-11 10:22:31,0.6956388206388164,1146.9,2.0,True,655.73,2025-09-11 10:22:31,0.6956388206388164
2025-09-11 09:40:50,654.13,low,Buy->Sell,True,655.73,2025-09-11 10:22:31,0.24459969730787806,41.68333333333333,1.0,True,655.73,2025-09-11 10:22:31,0.24459969730787806
2025-09-11 11:47:31,656.8199,high,Buy->Sell,True,657.625,2025-09-11 12:26:31,0.1225754578995001,39.0,1.0,True,657.625,2025-09-11 12:26:31,0.1225754578995001
2025-09-12 10:00:58,657.7983,low,Buy->Sell,True,657.995,2025-09-12 10:06:57,0.029902783269577366,5.983333333333333,1.0,True,657.995,2025-09-12 10:06:57,0.029902783269577366
2025-09-12 11:31:58,657.695,low,Buy->Buy->Buy->Sell,True,657.99,2025-09-12 12:50:56,0.04485361755828447,78.96666666666667,3.0,True,657.99,2025-09-12 12:50:56,0.04485361755828447
2025-09-12 12:18:57,657.91,low,Buy->Buy->Sell,True,657.99,2025-09-12 12:50:56,0.012159717894551067,31.983333333333334,2.0,True,657.99,2025-09-12 12:50:56,0.012159717894551067
2025-09-12 12:40:57,657.78,low,Buy->Sell,True,657.99,2025-09-12 12:50:56,0.03192556781903317,9.983333333333333,1.0,True,657.99,2025-09-12 12:50:56,0.03192556781903317
2025-09-12 15:44:56,657.75,low,Buy->Sell,True,660.355,2025-09-15 09:52:34,0.3960471303686839,3967.633333333333,1.0,True,660.355,2025-09-15 09:52:34,0.3960471303686839
2025-09-15 10:21:34,660.125,low,Buy->Sell,True,660.715,2025-09-15 10:33:34,0.08937701192956363,12.0,1.0,True,660.715,2025-09-15 10:33:34,0.08937701192956363
2025-09-15 11:22:35,660.43,high,Buy->Sell,True,660.825,2025-09-15 12:17:35,0.05980951804129061,55.0,1.0,True,660.825,2025-09-15 12:17:35,0.05980951804129061
2025-09-15 12:59:36,660.13,low,Other,False,,,,,,True,660.1263,2025-09-17 09:47:25,-0.0005604956599428475
2025-09-15 13:30:35,659.785,medium,Other,True,660.1263,2025-09-17 09:47:25,0.0517289723167466,2656.8333333333335,17.0,True,660.1263,2025-09-17 09:47:25,0.0517289723167466
2025-09-15 14:17:34,660.08,low,Other,True,660.1263,2025-09-17 09:47:25,0.007014301296808539,2609.85,16.0,True,660.1263,2025-09-17 09:47:25,0.007014301296808539
2025-09-15 14:37:55,659.89,low,Other,True,660.1263,2025-09-17 09:47:25,0.03580899846944618,2589.5,15.0,True,660.1263,2025-09-17 09:47:25,0.03580899846944618
2025-09-15 14:45:34,659.51,low,Other,True,660.1263,2025-09-17 09:47:25,0.09344816606268652,2581.85,14.0,True,660.1263,2025-09-17 09:47:25,0.09344816606268652
2025-09-15 15:18:35,659.93,low,Other,True,660.1263,2025-09-17 09:47:25,0.029745579076578543,2548.8333333333335,13.0,True,660.1263,2025-09-17 09:47:25,0.029745579076578543
2025-09-15 15:52:36,660.04,low,Other,True,660.1263,2025-09-17 09:47:25,0.013074965153634797,2514.8166666666666,12.0,True,660.1263,2025-09-17 09:47:25,0.013074965153634797
2025-09-15 15:58:37,660.67,low,Other,False,,,,,,True,660.1263,2025-09-17 09:47:25,-0.08229524573538141
2025-09-16 09:55:49,660.23,low,Other,False,,,,,,True,660.1263,2025-09-17 09:47:25,-0.015706647683383586
2025-09-16 10:32:48,659.91,low,Other,True,660.1263,2025-09-17 09:47:25,0.03277719689049212,1394.6166666666666,9.0,True,660.1263,2025-09-17 09:47:25,0.03277719689049212
2025-09-16 10:58:52,659.93,low,Other,True,660.1263,2025-09-17 09:47:25,0.029745579076578543,1368.55,8.0,True,660.1263,2025-09-17 09:47:25,0.029745579076578543
2025-09-16 11:04:49,659.53,low,Other,True,660.1263,2025-09-17 09:47:25,0.09041286977090383,1362.6,7.0,True,660.1263,2025-09-17 09:47:25,0.09041286977090383
2025-09-16 11:35:48,659.5101,low,Other,True,660.1263,2025-09-17 09:47:25,0.09343298912329757,1331.6166666666666,6.0,True,660.1263,2025-09-17 09:47:25,0.09343298912329757
2025-09-16 12:36:49,659.57,low,Other,True,660.1263,2025-09-17 09:47:25,0.08434282941916167,1270.6,5.0,True,660.1263,2025-09-17 09:47:25,0.08434282941916167
2025-09-16 13:54:49,660.165,medium,Buy->Buy->Buy->Buy->Sell,False,,,,,,True,660.1263,2025-09-17 09:47:25,-0.005862170820923388
2025-09-16 15:28:18,660.175,medium,Buy->Buy->Buy->Sell,False,,,,,,True,660.1263,2025-09-17 09:47:25,-0.007376831900623289
2025-09-16 15:59:51,659.93,low,Buy->Buy->Sell,True,660.1263,2025-09-17 09:47:25,0.029745579076578543,1067.5666666666666,2.0,True,660.1263,2025-09-17 09:47:25,0.029745579076578543
2025-09-17 09:43:04,659.81,low,Buy->Sell,True,660.1263,2025-09-17 09:47:25,0.04793804276989881,4.35,1.0,True,660.1263,2025-09-17 09:47:25,0.04793804276989881
2025-09-17 10:31:04,659.22,low,Other,True,660.91,2025-09-17 14:02:05,0.2563635812020177,211.01666666666668,7.0,True,660.91,2025-09-17 14:02:05,0.2563635812020177
2025-09-17 10:46:23,659.2079,low,Other,True,660.91,2025-09-17 14:02:05,0.25820382310345086,195.7,6.0,True,660.91,2025-09-17 14:02:05,0.25820382310345086
2025-09-17 10:51:06,659.17,low,Other,True,660.91,2025-09-17 14:02:05,0.26396832380114527,190.98333333333332,5.0,True,660.91,2025-09-17 14:02:05,0.26396832380114527
2025-09-17 11:13:26,659.52,low,Buy->Buy->Buy->Buy->Sell,True,660.91,2025-09-17 14:02:05,0.21075934012615027,168.65,4.0,True,660.91,2025-09-17 14:02:05,0.21075934012615027
2025-09-17 11:51:05,658.95,low,Buy->Buy->Buy->Sell,True,660.91,2025-09-17 14:02:05,0.2974429015858445,131.0,3.0,True,660.91,2025-09-17 14:02:05,0.2974429015858445
2025-09-17 12:11:05,658.96,low,Buy->Buy->Sell,True,660.91,2025-09-17 14:02:05,0.29592084496781773,111.0,2.0,True,660.91,2025-09-17 14:02:05,0.29592084496781773
2025-09-17 12:42:32,658.47,medium,Buy->Sell,True,660.91,2025-09-17 14:02:05,0.3705559858459673,79.55,1.0,True,660.91,2025-09-17 14:02:05,0.3705559858459673
2025-09-17 14:47:05,656.51,low,Buy->Buy->Sell,True,663.62,2025-09-18 10:14:57,1.0829994973420076,1167.8666666666666,2.0,True,663.62,2025-09-18 10:14:57,1.0829994973420076
2025-09-17 15:53:06,659.075,high,Buy->Sell,True,663.62,2025-09-18 10:14:57,0.6896028524826399,1101.85,1.0,True,663.62,2025-09-18 10:14:57,0.6896028524826399
2025-09-18 10:54:38,662.88,high,Other,False,,,,,,True,662.25,2025-09-19 12:15:52,-0.09503982621288853
2025-09-18 11:55:36,662.36,medium,Other,False,,,,,,True,662.25,2025-09-19 12:15:52,-0.016607283048495326
2025-09-18 13:36:37,662.79,medium,Other,False,,,,,,True,662.25,2025-09-19 12:15:52,-0.08147376997238395
2025-09-18 14:01:36,662.72,high,Other,False,,,,,,True,662.25,2025-09-19 12:15:52,-0.07091984548527693
2025-09-18 14:44:37,662.445,medium,Other,False,,,,,,True,662.25,2025-09-19 12:15:52,-0.029436406041263803
2025-09-18 15:24:37,662.835,high,Buy->Buy->Buy->Buy->Sell,False,,,,,,True,662.25,2025-09-19 12:15:52,-0.08825725859377316
2025-09-19 09:59:16,662.15,high,Buy->Buy->Buy->Sell,True,662.25,2025-09-19 12:15:52,0.015102318205848031,136.6,3.0,True,662.25,2025-09-19 12:15:52,0.015102318205848031
2025-09-19 11:25:51,660.95,low,Buy->Buy->Sell,True,662.25,2025-09-19 12:15:52,0.19668658748770018,50.016666666666666,2.0,True,662.25,2025-09-19 12:15:52,0.19668658748770018
2025-09-19 11:45:52,661.099,low,Buy->Sell,True,662.25,2025-09-19 12:15:52,0.17410402980490872,30.0,1.0,True,662.25,2025-09-19 12:15:52,0.17410402980490872
2025-09-22 09:47:11,662.825,low,Buy->Sell,True,664.08,2025-09-22 10:29:32,0.1893410779617539,42.35,1.0,True,664.08,2025-09-22 10:29:32,0.1893410779617539
2025-09-23 09:44:21,666.8992,low,Buy->Sell,True,666.97,2025-09-23 09:46:21,0.010616297035605468,2.0,1.0,True,666.97,2025-09-23 09:46:21,0.010616297035605468
2025-09-23 10:30:33,666.61,low,Other,False,,,,,,True,663.63,2025-09-24 10:52:43,-0.4470379982298523
2025-09-23 11:28:21,666.15,low,Other,False,,,,,,True,663.63,2025-09-24 10:52:43,-0.37829317721233685
2025-09-23 11:42:22,665.6099,low,Other,False,,,,,,True,663.63,2025-09-24 10:52:43,-0.2974565131918926
2025-09-23 12:18:22,665.295,low,Other,False,,,,,,True,663.63,2025-09-24 10:52:43,-0.25026492007304485
2025-09-23 13:00:33,665.02,low,Buy->Buy->Buy->Buy->Sell,False,,,,,,True,663.63,2025-09-24 10:52:43,-0.20901627018736074
2025-09-23 13:22:22,664.71,low,Buy->Buy->Buy->Sell,False,,,,,,True,663.63,2025-09-24 10:52:43,-0.1624768696123183
2025-09-23 14:40:33,662.695,low,Buy->Buy->Sell,True,663.63,2025-09-24 10:52:43,0.14109054693334722,1212.1666666666667,2.0,True,663.63,2025-09-24 10:52:43,0.14109054693334722
2025-09-24 09:52:43,662.77,low,Buy->Sell,True,663.63,2025-09-24 10:52:43,0.12975843807052426,60.0,1.0,True,663.63,2025-09-24 10:52:43,0.12975843807052426
2025-09-24 11:04:46,662.82,low,Other,False,,,,,,True,658.5601,2025-09-25 10:32:50,-0.6426933405751208
2025-09-24 11:34:47,662.17,low,Other,False,,,,,,True,658.5601,2025-09-25 10:32:50,-0.5451621184891985
2025-09-24 11:48:47,661.46,low,Other,False,,,,,,True,658.5601,2025-09-25 10:32:50,-0.43840897408762464
2025-09-24 12:16:44,659.81,low,Other,False,,,,,,True,658.5601,2025-09-25 10:32:50,-0.1894333217138133
2025-09-24 12:52:50,660.61,medium,Other,False,,,,,,True,658.5601,2025-09-25 10:32:50,-0.3103041128653789
2025-09-24 13:48:44,660.47,low,Other,False,,,,,,True,658.5601,2025-09-25 10:32:50,-0.2891728617499649
2025-09-24 14:06:44,660.51,medium,Buy->Buy->Buy->Buy->Sell,False,,,,,,True,658.5601,2025-09-25 10:32:50,-0.2952112761351012
2025-09-24 14:12:45,660.19,low,Buy->Buy->Buy->Sell,False,,,,,,True,658.5601,2025-09-25 10:32:50,-0.24688347293961138
2025-09-24 15:11:00,660.85,medium,Buy->Buy->Sell,False,,,,,,True,658.5601,2025-09-25 10:32:50,-0.3465082847847452
2025-09-25 09:42:49,655.38,low,Buy->Sell,True,658.5601,2025-09-25 10:32:50,0.48522994293387633,50.016666666666666,1.0,True,658.5601,2025-09-25 10:32:50,0.48522994293387633
2025-09-25 11:08:50,657.39,high,Buy->Sell,True,659.255,2025-09-25 11:45:05,0.2836976528392597,36.25,1.0,True,659.255,2025-09-25 11:45:05,0.2836976528392597
2025-09-25 12:48:52,657.8956,high,Other,True,661.6,2025-09-26 09:48:49,0.5630680612547155,1259.95,5.0,True,661.6,2025-09-26 09:48:49,0.5630680612547155
2025-09-25 13:22:51,656.71,medium,Buy->Buy->Buy->Buy->Sell,True,661.6,2025-09-26 09:48:49,0.744620913340742,1225.9666666666667,4.0,True,661.6,2025-09-26 09:48:49,0.744620913340742
2025-09-25 13:56:52,656.07,medium,Buy->Buy->Buy->Sell,True,661.6,2025-09-26 09:48:49,0.8428978615086763,1191.95,3.0,True,661.6,2025-09-26 09:48:49,0.8428978615086763
2025-09-25 14:02:50,654.98,low,Buy->Buy->Sell,True,661.6,2025-09-26 09:48:49,1.0107178845155584,1185.9833333333333,2.0,True,661.6,2025-09-26 09:48:49,1.0107178845155584
2025-09-25 15:26:50,657.305,high,Buy->Sell,True,661.6,2025-09-26 09:48:49,0.6534257308251228,1101.9833333333333,1.0,True,661.6,2025-09-26 09:48:49,0.6534257308251228
2025-09-26 10:26:50,658.13,low,Buy->Buy->Buy->Sell,True,661.311,2025-09-26 13:01:07,0.4833391579171349,154.28333333333333,3.0,True,661.311,2025-09-26 13:01:07,0.4833391579171349
2025-09-26 10:50:50,658.18,medium,Buy->Buy->Sell,True,661.311,2025-09-26 13:01:07,0.4757057339937533,130.28333333333333,2.0,True,661.311,2025-09-26 13:01:07,0.4757057339937533
2025-09-26 12:00:51,658.595,low,Buy->Sell,True,661.311,2025-09-26 13:01:07,0.41239304883881717,60.266666666666666,1.0,True,661.311,2025-09-26 13:01:07,0.41239304883881717
2025-09-26 15:52:52,661.1961,high,Buy->Sell,True,664.465,2025-09-29 09:46:58,0.4943919058203808,3954.1,1.0,True,664.465,2025-09-29 09:46:58,0.4943919058203808
2025-09-29 10:05:18,664.2293,low,Buy->Sell,True,664.81,2025-09-29 10:32:59,0.0874246288141729,27.683333333333334,1.0,True,664.81,2025-09-29 10:32:59,0.0874246288141729
2025-09-29 12:09:01,663.28,low,Buy->Sell,False,,,,,,True,662.92,2025-09-29 12:53:00,-0.054275720660959724
2025-09-29 13:31:15,662.36,medium,Other,True,663.07,2025-09-30 10:32:48,0.10719246331300748,1261.55,5.0,True,663.07,2025-09-30 10:32:48,0.10719246331300748
2025-09-29 13:54:59,663.04,low,Buy->Buy->Buy->Buy->Sell,True,663.07,2025-09-30 10:32:48,0.0045246138996269305,1237.8166666666666,4.0,True,663.07,2025-09-30 10:32:48,0.0045246138996269305
2025-09-29 15:08:59,662.69,low,Buy->Buy->Buy->Sell,True,663.07,2025-09-30 10:32:48,0.05734204530021509,1163.8166666666666,3.0,True,663.07,2025-09-30 10:32:48,0.05734204530021509
2025-09-30 09:41:00,662.61,low,Buy->Buy->Sell,True,663.07,2025-09-30 10:32:48,0.06942243552014554,51.8,2.0,True,663.07,2025-09-30 10:32:48,0.06942243552014554
2025-09-30 10:28:49,662.715,low,Buy->Sell,True,663.07,2025-09-30 10:32:48,0.053567521483596746,3.9833333333333334,1.0,True,663.07,2025-09-30 10:32:48,0.053567521483596746
2025-09-30 11:22:48,662.48,medium,Buy->Buy->Buy->Sell,True,663.74,2025-09-30 12:22:49,0.19019442096365036,60.016666666666666,3.0,True,663.74,2025-09-30 12:22:49,0.19019442096365036
2025-09-30 11:40:57,662.02,low,Buy->Buy->Sell,True,663.74,2025-09-30 12:22:49,0.25981088184647405,41.86666666666667,2.0,True,663.74,2025-09-30 12:22:49,0.25981088184647405
2025-09-30 12:01:01,663.085,low,Buy->Sell,True,663.74,2025-09-30 12:22:49,0.09878069930702288,21.8,1.0,True,663.74,2025-09-30 12:22:49,0.09878069930702288
2025-09-30 13:12:48,662.31,low,Buy->Buy->Sell,True,664.14,2025-09-30 14:41:15,0.2763056574715829,88.45,2.0,True,664.14,2025-09-30 14:41:15,0.2763056574715829
2025-09-30 13:36:49,661.98,low,Buy->Sell,True,664.14,2025-09-30 14:41:15,0.3262938457355159,64.43333333333334,1.0,True,664.14,2025-09-30 14:41:15,0.3262938457355159
2025-10-01 09:50:49,663.605,low,Buy->Sell,True,666.4051,2025-10-01 11:28:49,0.4219528183181154,98.0,1.0,True,666.4051,2025-10-01 11:28:49,0.4219528183181154
2025-10-02 10:26:15,668.6399,low,Other,True,671.1368,2025-10-03 09:40:51,0.37342970409034554,1394.6,6.0,True,671.1368,2025-10-03 09:40:51,0.37342970409034554
2025-10-02 10:45:29,668.15,low,Other,True,671.1368,2025-10-03 09:40:51,0.4470253685549677,1375.3666666666666,5.0,True,671.1368,2025-10-03 09:40:51,0.4470253685549677
2025-10-02 11:03:14,667.29,low,Buy->Buy->Buy->Buy->Sell,True,671.1368,2025-10-03 09:40:51,0.5764809902740983,1357.6166666666666,4.0,True,671.1368,2025-10-03 09:40:51,0.5764809902740983
2025-10-02 11:30:29,667.61,low,Buy->Buy->Buy->Sell,True,671.1368,2025-10-03 09:40:51,0.5282724944203921,1330.3666666666666,3.0,True,671.1368,2025-10-03 09:40:51,0.5282724944203921
2025-10-02 11:34:15,667.32,low,Buy->Buy->Sell,True,671.1368,2025-10-03 09:40:51,0.5719594797098758,1326.6,2.0,True,671.1368,2025-10-03 09:40:51,0.5719594797098758
2025-10-02 15:37:26,669.0,high,Buy->Sell,True,671.1368,2025-10-03 09:40:51,0.31940209267563435,1083.4166666666667,1.0,True,671.1368,2025-10-03 09:40:51,0.31940209267563435
2025-10-03 13:02:54,671.4,high,Other,False,,,,,,True,670.515,2025-10-06 10:28:54,-0.13181411974977525
2025-10-03 13:04:57,670.925,low,Other,False,,,,,,True,670.515,2025-10-06 10:28:54,-0.06110966203375462
2025-10-03 13:46:52,669.61,low,Buy->Buy->Buy->Buy->Sell,True,670.515,2025-10-06 10:28:54,0.1351532981884937,4122.033333333334,4.0,True,670.515,2025-10-06 10:28:54,0.1351532981884937
2025-10-03 13:52:52,668.8,low,Buy->Buy->Buy->Sell,True,670.515,2025-10-06 10:28:54,0.2564294258373253,4116.033333333334,3.0,True,670.515,2025-10-06 10:28:54,0.2564294258373253
2025-10-03 15:52:53,669.53,medium,Buy->Buy->Sell,True,670.515,2025-10-06 10:28:54,0.1471181276417806,3996.016666666667,2.0,True,670.515,2025-10-06 10:28:54,0.1471181276417806
2025-10-06 09:50:53,670.405,low,Buy->Sell,True,670.515,2025-10-06 10:28:54,0.016407992183831214,38.016666666666666,1.0,True,670.515,2025-10-06 10:28:54,0.016407992183831214
2025-10-07 09:42:16,672.54,medium,Other,False,,,,,,True,671.92,2025-10-08 10:36:40,-0.0921878252594648
2025-10-07 10:28:20,671.4,low,Other,True,671.92,2025-10-08 10:36:40,0.07745010425975303,1448.3333333333333,10.0,True,671.92,2025-10-08 10:36:40,0.07745010425975303
2025-10-07 10:54:18,671.0,low,Other,True,671.92,2025-10-08 10:36:40,0.13710879284649166,1422.3666666666666,9.0,True,671.92,2025-10-08 10:36:40,0.13710879284649166
2025-10-07 11:06:17,669.52,low,Other,True,671.92,2025-10-08 10:36:40,0.358465766519294,1410.3833333333334,8.0,True,671.92,2025-10-08 10:36:40,0.358465766519294
2025-10-07 11:40:22,668.49,low,Other,True,671.92,2025-10-08 10:36:40,0.51309668057861,1376.3,7.0,True,671.92,2025-10-08 10:36:40,0.51309668057861
2025-10-07 11:58:17,668.15,low,Other,True,671.92,2025-10-08 10:36:40,0.5642445558632017,1358.3833333333334,6.0,True,671.92,2025-10-08 10:36:40,0.5642445558632017
2025-10-07 12:16:17,668.0385,low,Other,True,671.92,2025-10-08 10:36:40,0.5810293867793488,1340.3833333333334,5.0,True,671.92,2025-10-08 10:36:40,0.5810293867793488
2025-10-07 12:56:18,668.46,low,Buy->Buy->Buy->Buy->Sell,True,671.92,2025-10-08 10:36:40,0.5176076354605994,1300.3666666666666,4.0,True,671.92,2025-10-08 10:36:40,0.5176076354605994
2025-10-07 13:28:18,668.905,high,Buy->Buy->Buy->Sell,True,671.92,2025-10-08 10:36:40,0.45073665169194227,1268.3666666666666,3.0,True,671.92,2025-10-08 10:36:40,0.45073665169194227
2025-10-07 14:02:17,668.04,low,Buy->Buy->Sell,True,671.92,2025-10-08 10:36:40,0.5808035446979216,1234.3833333333334,2.0,True,671.92,2025-10-08 10:36:40,0.5808035446979216
2025-10-07 15:58:18,668.87,high,Buy->Sell,True,671.92,2025-10-08 10:36:40,0.45599294332231294,1118.3666666666666,1.0,True,671.92,2025-10-08 10:36:40,0.45599294332231294
2025-10-08 14:46:40,672.4307,high,Buy->Sell,True,672.74,2025-10-08 15:16:40,0.04599730500109639,30.0,1.0,True,672.74,2025-10-08 15:16:40,0.04599730500109639
2025-10-09 09:48:51,672.86,low,Other,False,,,,,,True,662.7,2025-10-13 09:58:49,-1.5099723568052743
2025-10-09 10:20:51,671.5,low,Other,False,,,,,,True,662.7,2025-10-13 09:58:49,-1.3104988830975361
2025-10-09 10:32:51,670.79,low,Other,False,,,,,,True,662.7,2025-10-13 09:58:49,-1.2060406386499378
2025-10-09 11:32:52,670.675,low,Other,False,,,,,,True,662.7,2025-10-13 09:58:49,-1.189100533045053
2025-10-09 12:24:58,670.95,low,Other,False,,,,,,True,662.7,2025-10-13 09:58:49,-1.2295998211491168
2025-10-09 12:42:51,670.4588,low,Other,False,,,,,,True,662.7,2025-10-13 09:58:49,-1.1572374022087488
2025-10-09 13:00:52,670.08,low,Other,False,,,,,,True,662.7,2025-10-13 09:58:49,-1.1013610315186237
2025-10-09 13:16:51,669.65,low,Other,False,,,,,,True,662.7,2025-10-13 09:58:49,-1.0378555962069638
2025-10-09 14:08:51,669.5099,high,Other,False,,,,,,True,662.7,2025-10-13 09:58:49,-1.0171470205294904
2025-10-09 14:28:51,669.82,low,Other,False,,,,,,True,662.7,2025-10-13 09:58:49,-1.0629721417694311
2025-10-10 09:50:18,672.77,high,Other,False,,,,,,True,662.7,2025-10-13 09:58:49,-1.4967968250665067
2025-10-10 11:00:24,667.21,medium,Other,False,,,,,,True,662.7,2025-10-13 09:58:49,-0.6759491014822905
2025-10-10 11:35:22,661.2,low,Other,True,662.7,2025-10-13 09:58:49,0.22686025408348454,4223.45,6.0,True,662.7,2025-10-13 09:58:49,0.22686025408348454
2025-10-10 12:20:19,660.9,medium,Other,True,662.7,2025-10-13 09:58:49,0.272355878347718,4178.5,5.0,True,662.7,2025-10-13 09:58:49,0.272355878347718
2025-10-10 13:13:15,658.08,medium,Buy->Buy->Buy->Buy->Sell,True,662.7,2025-10-13 09:58:49,0.7020423048869444,4125.566666666667,4.0,True,662.7,2025-10-13 09:58:49,0.7020423048869444
2025-10-10 14:43:15,658.3,low,Buy->Buy->Buy->Sell,True,662.7,2025-10-13 09:58:49,0.6683882728239543,4035.5666666666666,3.0,True,662.7,2025-10-13 09:58:49,0.6683882728239543
2025-10-10 15:20:23,656.76,high,Buy->Buy->Sell,True,662.7,2025-10-13 09:58:49,0.9044399780741906,3998.4333333333334,2.0,True,662.7,2025-10-13 09:58:49,0.9044399780741906
2025-10-10 15:57:17,653.395,low,Buy->Sell,True,662.7,2025-10-13 09:58:49,1.4241002762494455,3961.5333333333333,1.0,True,662.7,2025-10-13 09:58:49,1.4241002762494455
2025-10-13 10:21:49,661.46,high,Buy->Buy->Sell,True,662.72,2025-10-13 11:29:53,0.190487709007346,68.06666666666666,2.0,True,662.72,2025-10-13 11:29:53,0.190487709007346
2025-10-13 10:57:52,660.195,high,Buy->Sell,True,662.72,2025-10-13 11:29:53,0.38246275721566764,32.016666666666666,1.0,True,662.72,2025-10-13 11:29:53,0.38246275721566764
2025-10-13 13:20:50,663.12,high,Buy->Buy->Buy->Buy->Sell,True,663.36,2025-10-13 15:55:50,0.03619254433586818,155.0,4.0,True,663.36,2025-10-13 15:55:50,0.03619254433586818
2025-10-13 13:38:50,663.03,high,Buy->Buy->Buy->Sell,True,663.36,2025-10-13 15:55:50,0.04977150355188165,137.0,3.0,True,663.36,2025-10-13 15:55:50,0.04977150355188165
2025-10-13 14:44:54,663.05,high,Buy->Buy->Sell,True,663.36,2025-10-13 15:55:50,0.046753638488810666,70.93333333333334,2.0,True,663.36,2025-10-13 15:55:50,0.046753638488810666
2025-10-13 15:00:50,662.0417,high,Buy->Sell,True,663.36,2025-10-13 15:55:50,0.19912642964937435,55.0,1.0,True,663.36,2025-10-13 15:55:50,0.19912642964937435
2025-10-14 09:42:49,654.46,low,Buy->Sell,True,660.017,2025-10-14 10:36:49,0.8490969654371568,54.0,1.0,True,660.017,2025-10-14 10:36:49,0.8490969654371568
2025-10-14 15:38:49,662.36,high,Buy->Sell,True,668.955,2025-10-15 10:04:56,0.995682106407396,1106.1166666666666,1.0,True,668.955,2025-10-15 10:04:56,0.995682106407396
2025-10-15 10:56:53,668.75,high,Other,False,,,,,,True,666.38,2025-10-16 10:26:28,-0.3543925233644867
2025-10-15 11:32:52,667.16,medium,Other,False,,,,,,True,666.38,2025-10-16 10:26:28,-0.11691348402181975
2025-10-15 12:18:52,665.12,medium,Other,True,666.38,2025-10-16 10:26:28,0.18943949963916148,1327.6,6.0,True,666.38,2025-10-16 10:26:28,0.18943949963916148
2025-10-15 13:15:53,659.03,low,Other,True,666.38,2025-10-16 10:26:28,1.1152754806306273,1270.5833333333333,5.0,True,666.38,2025-10-16 10:26:28,1.1152754806306273
2025-10-15 15:07:54,664.9,high,Buy->Buy->Buy->Buy->Sell,True,666.38,2025-10-16 10:26:28,0.22258986313731666,1158.5666666666666,4.0,True,666.38,2025-10-16 10:26:28,0.22258986313731666
2025-10-15 15:37:54,664.3,medium,Buy->Buy->Buy->Sell,True,666.38,2025-10-16 10:26:28,0.31311154598826446,1128.5666666666666,3.0,True,666.38,2025-10-16 10:26:28,0.31311154598826446
2025-10-15 15:56:53,664.1,medium,Buy->Buy->Sell,True,666.38,2025-10-16 10:26:28,0.34332178888721165,1109.5833333333333,2.0,True,666.38,2025-10-16 10:26:28,0.34332178888721165
2025-10-16 10:08:26,666.565,low,Buy->Sell,False,,,,,,True,666.38,2025-10-16 10:26:28,-0.027754232520468238
2025-10-16 11:25:32,666.7002,medium,Other,False,,,,,,True,663.33,2025-10-17 12:25:00,-0.5055045731199652
2025-10-16 11:31:27,665.37,low,Other,False,,,,,,True,663.33,2025-10-17 12:25:00,-0.3065963298615753
2025-10-16 12:11:27,664.58,low,Other,False,,,,,,True,663.33,2025-10-17 12:25:00,-0.1880887176863583
2025-10-16 12:31:28,661.14,low,Other,True,663.33,2025-10-17 12:25:00,0.3312460295852701,1433.5333333333333,8.0,True,663.33,2025-10-17 12:25:00,0.3312460295852701
2025-10-16 13:07:27,662.41,high,Other,True,663.33,2025-10-17 12:25:00,0.13888679216800365,1397.55,7.0,True,663.33,2025-10-17 12:25:00,0.13888679216800365
2025-10-16 14:05:33,660.0,low,Other,True,663.33,2025-10-17 12:25:00,0.5045454545454607,1339.45,6.0,True,663.33,2025-10-17 12:25:00,0.5045454545454607
2025-10-16 14:16:35,658.25,low,Other,True,663.33,2025-10-17 12:25:00,0.7717432586403404,1328.4166666666667,5.0,True,663.33,2025-10-17 12:25:00,0.7717432586403404
2025-10-16 15:22:28,658.59,low,Buy->Buy->Buy->Buy->Sell,True,663.33,2025-10-17 12:25:00,0.7197194005375133,1262.5333333333333,4.0,True,663.33,2025-10-17 12:25:00,0.7197194005375133
2025-10-17 09:44:55,658.65,low,Buy->Buy->Buy->Sell,True,663.33,2025-10-17 12:25:00,0.7105442951491785,160.08333333333334,3.0,True,663.33,2025-10-17 12:25:00,0.7105442951491785
2025-10-17 10:58:51,659.54,low,Buy->Buy->Sell,True,663.33,2025-10-17 12:25:00,0.5746429329532822,86.15,2.0,True,663.33,2025-10-17 12:25:00,0.5746429329532822
2025-10-17 11:28:49,659.07,medium,Buy->Sell,True,663.33,2025-10-17 12:25:00,0.6463653329691824,56.18333333333333,1.0,True,663.33,2025-10-17 12:25:00,0.6463653329691824
2025-10-17 12:44:58,662.34,high,Buy->Buy->Buy->Sell,True,662.85,2025-10-17 13:54:59,0.0769997282362519,70.01666666666667,3.0,True,662.85,2025-10-17 13:54:59,0.0769997282362519
2025-10-17 13:08:50,661.46,high,Buy->Buy->Sell,True,662.85,2025-10-17 13:54:59,0.21014120279381765,46.15,2.0,True,662.85,2025-10-17 13:54:59,0.21014120279381765
2025-10-17 13:22:50,661.32,medium,Buy->Sell,True,662.85,2025-10-17 13:54:59,0.2313554708764248,32.15,1.0,True,662.85,2025-10-17 13:54:59,0.2313554708764248
2025-10-20 11:16:49,670.52,high,Buy->Sell,True,670.92,2025-10-20 11:29:49,0.05965519298454591,13.0,1.0,True,670.92,2025-10-20 11:29:49,0.05965519298454591
2025-10-21 14:20:52,672.0,high,Buy->Sell,True,672.29,2025-10-21 15:53:51,0.04315476190475649,92.98333333333333,1.0,True,672.29,2025-10-21 15:53:51,0.04315476190475649
2025-10-22 10:07:51,671.47,low,Other,False,,,,,,True,670.29,2025-10-23 11:30:51,-0.17573383769938547
2025-10-22 10:15:52,670.85,low,Other,False,,,,,,True,670.29,2025-10-23 11:30:51,-0.08347618692704167
2025-10-22 10:53:19,669.09,high,Other,True,670.29,2025-10-23 11:30:51,0.17934806976638895,1477.5333333333333,7.0,True,670.29,2025-10-23 11:30:51,0.17934806976638895
2025-10-22 11:28:51,668.24,low,Other,True,670.29,2025-10-23 11:30:51,0.3067760086196508,1442.0,6.0,True,670.29,2025-10-23 11:30:51,0.3067760086196508
2025-10-22 12:05:53,668.42,medium,Other,True,670.29,2025-10-23 11:30:51,0.2797642201011347,1404.9666666666667,5.0,True,670.29,2025-10-23 11:30:51,0.2797642201011347
2025-10-22 13:25:53,664.92,low,Buy->Buy->Buy->Buy->Sell,True,670.29,2025-10-23 11:30:51,0.8076159537989539,1324.9666666666667,4.0,True,670.29,2025-10-23 11:30:51,0.8076159537989539
2025-10-22 13:44:53,663.62,low,Buy->Buy->Buy->Sell,True,670.29,2025-10-23 11:30:51,1.0050932762725595,1305.9666666666667,3.0,True,670.29,2025-10-23 11:30:51,1.0050932762725595
2025-10-22 15:58:52,667.52,low,Buy->Buy->Sell,True,670.29,2025-10-23 11:30:51,0.4149688398849445,1171.9833333333333,2.0,True,670.29,2025-10-23 11:30:51,0.4149688398849445
2025-10-23 11:23:26,669.765,high,Buy->Sell,True,670.29,2025-10-23 11:30:51,0.07838570244787012,7.416666666666667,1.0,True,670.29,2025-10-23 11:30:51,0.07838570244787012
2025-10-23 11:45:51,669.09,medium,Buy->Sell,True,670.29,2025-10-23 12:00:51,0.17934806976638895,15.0,1.0,True,670.29,2025-10-23 12:00:51,0.17934806976638895
2025-10-23 13:09:51,670.78,high,Buy->Sell,True,672.05,2025-10-23 13:43:50,0.18933182265422074,33.983333333333334,1.0,True,672.05,2025-10-23 13:43:50,0.18933182265422074
2025-10-24 09:49:49,676.96,high,Buy->Sell,True,677.5,2025-10-24 10:19:50,0.07976837627037987,30.016666666666666,1.0,True,677.5,2025-10-24 10:19:50,0.07976837627037987
2025-10-24 10:27:48,676.84,high,Buy->Sell,True,677.39,2025-10-24 10:49:49,0.08125997281483874,22.016666666666666,1.0,True,677.39,2025-10-24 10:49:49,0.08125997281483874
2025-10-24 12:43:51,677.33,high,Buy->Sell,True,678.07,2025-10-24 13:27:13,0.10925250616390962,43.36666666666667,1.0,True,678.07,2025-10-24 13:27:13,0.10925250616390962
2025-10-24 15:59:50,677.11,medium,Buy->Buy->Sell,True,683.32,2025-10-27 10:44:54,0.9171331098344488,4005.0666666666666,2.0,True,683.32,2025-10-27 10:44:54,0.9171331098344488
2025-10-27 10:18:54,682.84,low,Buy->Sell,True,683.32,2025-10-27 10:44:54,0.07029465174858213,26.0,1.0,True,683.32,2025-10-27 10:44:54,0.07029465174858213
2025-10-27 10:53:14,682.595,low,Buy->Buy->Buy->Sell,True,683.39,2025-10-27 11:49:53,0.11646730491725826,56.65,3.0,True,683.39,2025-10-27 11:49:53,0.11646730491725826
2025-10-27 11:13:55,682.9,low,Buy->Buy->Sell,True,683.39,2025-10-27 11:49:53,0.07175281886074229,35.96666666666667,2.0,True,683.39,2025-10-27 11:49:53,0.07175281886074229
2025-10-27 11:19:56,682.99,low,Buy->Sell,True,683.39,2025-10-27 11:49:53,0.05856601121538782,29.95,1.0,True,683.39,2025-10-27 11:49:53,0.05856601121538782
2025-10-28 09:56:51,685.89,high,Buy->Buy->Buy->Buy->Sell,True,686.73,2025-10-28 12:44:52,0.1224686174167916,168.01666666666668,4.0,True,686.73,2025-10-28 12:44:52,0.1224686174167916
2025-10-28 11:05:15,685.9,low,Buy->Buy->Buy->Sell,True,686.73,2025-10-28 12:44:52,0.12100889342470346,99.61666666666666,3.0,True,686.73,2025-10-28 12:44:52,0.12100889342470346
2025-10-28 11:20:52,685.73,low,Buy->Buy->Sell,True,686.73,2025-10-28 12:44:52,0.1458299913960305,84.0,2.0,True,686.73,2025-10-28 12:44:52,0.1458299913960305
2025-10-28 11:30:51,685.465,low,Buy->Sell,True,686.73,2025-10-28 12:44:52,0.18454625692048263,74.01666666666667,1.0,True,686.73,2025-10-28 12:44:52,0.18454625692048263
2025-10-29 10:20:50,688.78,low,Other,False,,,,,,True,684.97,2025-10-30 11:25:56,-0.5531519498243191
2025-10-29 10:52:14,688.37,low,Other,False,,,,,,True,684.97,2025-10-30 11:25:56,-0.49392042070397857
2025-10-29 11:10:24,688.185,low,Other,False,,,,,,True,684.97,2025-10-30 11:25:56,-0.4671708915480457
2025-10-29 11:44:50,688.22,medium,Other,False,,,,,,True,684.97,2025-10-30 11:25:56,-0.47223271628258406
2025-10-29 12:04:11,687.62,low,Buy->Buy->Buy->Buy->Sell,False,,,,,,True,684.97,2025-10-30 11:25:56,-0.38538727785695254
2025-10-29 13:40:29,687.98,low,Buy->Buy->Buy->Sell,False,,,,,,True,684.97,2025-10-30 11:25:56,-0.4375127183929752
2025-10-29 14:36:50,685.6201,low,Buy->Buy->Sell,False,,,,,,True,684.97,2025-10-30 11:25:56,-0.09481927382233284
2025-10-30 10:18:54,684.33,high,Buy->Sell,True,684.97,2025-10-30 11:25:56,0.09352213113556125,67.03333333333333,1.0,True,684.97,2025-10-30 11:25:56,0.09352213113556125
2025-10-30 11:34:20,684.385,high,Buy->Sell,True,685.04,2025-10-30 12:16:18,0.09570636410791772,41.96666666666667,1.0,True,685.04,2025-10-30 12:16:18,0.09570636410791772
2025-10-30 12:36:56,683.89,high,Buy->Buy->Buy->Buy->Sell,True,684.38,2025-10-31 11:17:51,0.07164894939244748,1360.9166666666667,4.0,True,684.38,2025-10-31 11:17:51,0.07164894939244748
2025-10-30 13:06:55,683.25,high,Buy->Buy->Buy->Sell,True,684.38,2025-10-31 11:17:51,0.16538602268569272,1330.9333333333334,3.0,True,684.38,2025-10-31 11:17:51,0.16538602268569272
2025-10-30 15:18:54,681.64,low,Buy->Buy->Sell,True,684.38,2025-10-31 11:17:51,0.40197171527492653,1198.95,2.0,True,684.38,2025-10-31 11:17:51,0.40197171527492653
2025-10-30 15:55:54,680.235,low,Buy->Sell,True,684.38,2025-10-31 11:17:51,0.6093482399464863,1161.95,1.0,True,684.38,2025-10-31 11:17:51,0.6093482399464863
2025-10-31 11:47:53,682.87,low,Other,False,,,,,,True,676.7,2025-11-04 09:42:51,-0.9035394731061489
2025-10-31 13:00:51,680.39,low,Other,False,,,,,,True,676.7,2025-11-04 09:42:51,-0.5423360131689091
2025-10-31 13:17:51,680.0,low,Other,False,,,,,,True,676.7,2025-11-04 09:42:51,-0.48529411764705216
2025-10-31 15:55:51,682.905,high,Other,False,,,,,,True,676.7,2025-11-04 09:42:51,-0.90861832905015
2025-11-03 10:00:53,682.1,low,Other,False,,,,,,True,676.7,2025-11-04 09:42:51,-0.7916727752528921
2025-11-03 10:33:53,680.39,low,Other,False,,,,,,True,676.7,2025-11-04 09:42:51,-0.5423360131689091
2025-11-03 13:53:30,683.6299,high,Buy->Buy->Buy->Buy->Sell,False,,,,,,True,676.7,2025-11-04 09:42:51,-1.01369176509102
2025-11-03 14:43:53,682.82,medium,Buy->Buy->Buy->Sell,False,,,,,,True,676.7,2025-11-04 09:42:51,-0.8962830614217515
2025-11-03 15:31:54,683.03,high,Buy->Buy->Sell,False,,,,,,True,676.7,2025-11-04 09:42:51,-0.9267528512656732
2025-11-03 15:50:54,682.61,high,Buy->Sell,False,,,,,,True,676.7,2025-11-04 09:42:51,-0.8657945239595036
2025-11-04 10:58:18,678.15,high,Other,False,,,,,,True,677.0451,2025-11-05 10:00:51,-0.16292855562927516
2025-11-04 12:19:51,676.0,medium,Other,True,677.0451,2025-11-05 10:00:51,0.1546005917159834,1301.0,5.0,True,677.0451,2025-11-05 10:00:51,0.1546005917159834
2025-11-04 13:22:28,675.775,medium,Buy->Buy->Buy->Buy->Sell,True,677.0451,2025-11-05 10:00:51,0.18794717176576087,1238.3833333333334,4.0,True,677.0451,2025-11-05 10:00:51,0.18794717176576087
2025-11-04 14:32:51,675.59,low,Buy->Buy->Buy->Sell,True,677.0451,2025-11-05 10:00:51,0.2153821104516076,1168.0,3.0,True,677.0451,2025-11-05 10:00:51,0.2153821104516076
2025-11-04 15:05:51,675.55,low,Buy->Buy->Sell,True,677.0451,2025-11-05 10:00:51,0.22131596476946092,1135.0,2.0,True,677.0451,2025-11-05 10:00:51,0.22131596476946092
2025-11-04 15:55:53,674.775,low,Buy->Sell,True,677.0451,2025-11-05 10:00:51,0.33642325219518665,1084.9666666666667,1.0,True,677.0451,2025-11-05 10:00:51,0.33642325219518665
2025-11-05 15:32:52,679.59,high,Other,False,,,,,,True,667.53,2025-11-07 14:32:51,-1.7745993908091728
2025-11-05 15:56:53,678.395,high,Other,False,,,,,,True,667.53,2025-11-07 14:32:51,-1.6015743040558978
2025-11-06 10:15:51,673.27,low,Other,False,,,,,,True,667.53,2025-11-07 14:32:51,-0.8525554383828196
2025-11-06 10:54:52,671.72,low,Other,False,,,,,,True,667.53,2025-11-07 14:32:51,-0.6237718096826139
2025-11-06 11:25:52,670.45,low,Other,False,,,,,,True,667.53,2025-11-07 14:32:51,-0.43552837646358006
2025-11-06 11:56:51,669.128,low,Other,False,,,,,,True,667.53,2025-11-07 14:32:51,-0.23881828289954538
2025-11-06 13:06:52,669.3256,low,Other,False,,,,,,True,667.53,2025-11-07 14:32:51,-0.2682700318051537
2025-11-06 15:33:52,672.15,medium,Other,False,,,,,,True,667.53,2025-11-07 14:32:51,-0.6873465744253522
2025-11-06 15:47:19,670.55,low,Other,False,,,,,,True,667.53,2025-11-07 14:32:51,-0.4503765565580467
2025-11-07 09:48:52,665.98,high,Buy->Buy->Buy->Buy->Sell,True,667.53,2025-11-07 14:32:51,0.23273972191356415,283.98333333333335,4.0,True,667.53,2025-11-07 14:32:51,0.23273972191356415
2025-11-07 10:41:52,664.57,medium,Buy->Buy->Buy->Sell,True,667.53,2025-11-07 14:32:51,0.44540078547029244,230.98333333333332,3.0,True,667.53,2025-11-07 14:32:51,0.44540078547029244
2025-11-07 11:06:50,663.22,low,Buy->Buy->Sell,True,667.53,2025-11-07 14:32:51,0.6498597750369327,206.01666666666668,2.0,True,667.53,2025-11-07 14:32:51,0.6498597750369327
2025-11-07 11:29:52,662.825,low,Buy->Sell,True,667.53,2025-11-07 14:32:51,0.7098404556255312,182.98333333333332,1.0,True,667.53,2025-11-07 14:32:51,0.7098404556255312
2025-11-10 09:56:55,678.45,low,Buy->Sell,True,678.86,2025-11-10 10:29:34,0.06043186675509885,32.65,1.0,True,678.86,2025-11-10 10:29:34,0.06043186675509885
2025-11-10 10:38:56,678.2544,low,Buy->Buy->Buy->Sell,True,678.61,2025-11-10 12:41:21,0.0524287052173906,122.41666666666667,3.0,True,678.61,2025-11-10 12:41:21,0.0524287052173906
2025-11-10 10:53:17,676.68,low,Buy->Buy->Sell,True,678.61,2025-11-10 12:41:21,0.2852160548560714,108.06666666666666,2.0,True,678.61,2025-11-10 12:41:21,0.2852160548560714
2025-11-10 11:30:57,675.98,low,Buy->Sell,True,678.61,2025-11-10 12:41:21,0.3890647652297399,70.4,1.0,True,678.61,2025-11-10 12:41:21,0.3890647652297399
2025-11-11 09:49:53,679.81,low,Buy->Buy->Buy->Buy->Sell,True,680.7,2025-11-11 12:06:53,0.13091893323135878,137.0,4.0,True,680.7,2025-11-11 12:06:53,0.13091893323135878
2025-11-11 10:31:52,679.57,low,Buy->Buy->Buy->Sell,True,680.7,2025-11-11 12:06:53,0.16628161925923676,95.01666666666667,3.0,True,680.7,2025-11-11 12:06:53,0.16628161925923676
2025-11-11 11:20:54,680.22,low,Buy->Buy->Sell,True,680.7,2025-11-11 12:06:53,0.07056540531004941,45.983333333333334,2.0,True,680.7,2025-11-11 12:06:53,0.07056540531004941
2025-11-11 11:40:23,679.3256,high,Buy->Sell,True,680.7,2025-11-11 12:06:53,0.20231829920733693,26.5,1.0,True,680.7,2025-11-11 12:06:53,0.20231829920733693
2025-11-12 09:45:51,684.24,low,Other,False,,,,,,True,666.56,2025-11-14 09:43:58,-2.5838886940254975
2025-11-12 10:30:52,683.055,low,Other,False,,,,,,True,666.56,2025-11-14 09:43:58,-2.4148860633477547
2025-11-12 11:09:52,681.845,low,Other,False,,,,,,True,666.56,2025-11-14 09:43:58,-2.2417118260015223
2025-11-12 11:51:52,681.79,low,Other,False,,,,,,True,666.56,2025-11-14 09:43:58,-2.2338256647941477
2025-11-12 14:08:52,683.43,high,Other,False,,,,,,True,666.56,2025-11-14 09:43:58,-2.4684312950850864
2025-11-12 14:35:29,682.59,medium,Other,False,,,,,,True,666.56,2025-11-14 09:43:58,-2.3484082685067293
2025-11-12 15:57:52,682.86,medium,Other,False,,,,,,True,666.56,2025-11-14 09:43:58,-2.3870193011744822
2025-11-13 10:38:51,677.35,low,Other,False,,,,,,True,666.56,2025-11-14 09:43:58,-1.5929726138628593
2025-11-13 11:06:51,675.4,low,Other,False,,,,,,True,666.56,2025-11-14 09:43:58,-1.308854012437079
2025-11-13 12:12:51,674.6,low,Other,False,,,,,,True,666.56,2025-11-14 09:43:58,-1.1918173732582387
2025-11-13 12:44:53,675.12,medium,Other,False,,,,,,True,666.56,2025-11-14 09:43:58,-1.267922739661106
2025-11-13 12:48:52,674.8199,low,Other,False,,,,,,True,666.56,2025-11-14 09:43:58,-1.2240154743510108
2025-11-13 13:14:54,674.48,high,Other,False,,,,,,True,666.56,2025-11-14 09:43:58,-1.1742379314434932
2025-11-13 13:26:52,672.87,low,Other,False,,,,,,True,666.56,2025-11-14 09:43:58,-0.9377740128108044
2025-11-13 14:04:18,672.11,low,Buy->Buy->Buy->Buy->Sell,False,,,,,,True,666.56,2025-11-14 09:43:58,-0.8257576884736231
2025-11-13 14:20:52,672.02,low,Buy->Buy->Buy->Sell,False,,,,,,True,666.56,2025-11-14 09:43:58,-0.8124758191720538
2025-11-13 14:58:17,671.92,low,Buy->Buy->Sell,False,,,,,,True,666.56,2025-11-14 09:43:58,-0.7977140135730466
2025-11-13 15:56:51,671.45,medium,Buy->Sell,False,,,,,,True,666.56,2025-11-14 09:43:58,-0.728274629533115
2025-11-14 13:43:57,671.72,high,Buy->Sell,True,674.71,2025-11-14 14:46:35,0.44512594533436683,62.63333333333333,1.0,True,674.71,2025-11-14 14:46:35,0.44512594533436683
2025-11-17 10:51:54,670.7414,medium,Other,True,675.03,2025-11-20 10:41:04,0.6393820330756345,4309.166666666667,20.0,True,675.03,2025-11-20 10:41:04,0.6393820330756345
2025-11-17 11:09:55,669.235,low,Other,True,675.03,2025-11-20 10:41:04,0.8659140660604957,4291.15,19.0,True,675.03,2025-11-20 10:41:04,0.8659140660604957
2025-11-17 12:41:21,671.01,low,Other,True,675.03,2025-11-20 10:41:04,0.5990968838020271,4199.716666666666,18.0,True,675.03,2025-11-20 10:41:04,0.5990968838020271
2025-11-17 12:59:19,669.22,low,Other,True,675.03,2025-11-20 10:41:04,0.8681748901706383,4181.75,17.0,True,675.03,2025-11-20 10:41:04,0.8681748901706383
2025-11-17 13:31:55,668.34,low,Other,True,675.03,2025-11-20 10:41:04,1.0009875213214743,4149.15,16.0,True,675.03,2025-11-20 10:41:04,1.0009875213214743
2025-11-17 13:57:55,667.135,low,Other,True,675.03,2025-11-20 10:41:04,1.1834186483994966,4123.15,15.0,True,675.03,2025-11-20 10:41:04,1.1834186483994966
2025-11-17 14:33:56,665.08,low,Other,True,675.03,2025-11-20 10:41:04,1.49606062428579,4087.133333333333,14.0,True,675.03,2025-11-20 10:41:04,1.49606062428579
2025-11-17 14:41:38,663.955,low,Other,True,675.03,2025-11-20 10:41:04,1.6680347312694281,4079.4333333333334,13.0,True,675.03,2025-11-20 10:41:04,1.6680347312694281
2025-11-17 15:09:57,662.8998,low,Other,True,675.03,2025-11-20 10:41:04,1.82986931056548,4051.116666666667,12.0,True,675.03,2025-11-20 10:41:04,1.82986931056548
2025-11-19 10:48:54,664.91,high,Other,True,675.03,2025-11-20 10:41:04,1.5220104976613384,1432.1666666666667,11.0,True,675.03,2025-11-20 10:41:04,1.5220104976613384
2025-11-19 11:25:57,661.47,low,Other,True,675.03,2025-11-20 10:41:04,2.049979590911144,1395.1166666666666,10.0,True,675.03,2025-11-20 10:41:04,2.049979590911144
2025-11-19 11:52:20,661.52,medium,Other,True,675.03,2025-11-20 10:41:04,2.0422662958036026,1368.7333333333333,9.0,True,675.03,2025-11-20 10:41:04,2.0422662958036026
2025-11-19 12:07:56,661.2,medium,Other,True,675.03,2025-11-20 10:41:04,2.091651542649717,1353.1333333333334,8.0,True,675.03,2025-11-20 10:41:04,2.091651542649717
2025-11-19 12:23:54,660.87,medium,Other,True,675.03,2025-11-20 10:41:04,2.1426301693222523,1337.1666666666667,7.0,True,675.03,2025-11-20 10:41:04,2.1426301693222523
2025-11-19 12:38:55,659.23,medium,Other,True,675.03,2025-11-20 10:41:04,2.396735585455752,1322.15,6.0,True,675.03,2025-11-20 10:41:04,2.396735585455752
2025-11-19 13:47:54,661.33,medium,Other,True,675.03,2025-11-20 10:41:04,2.0715830220918345,1253.1666666666667,5.0,True,675.03,2025-11-20 10:41:04,2.0715830220918345
2025-11-19 14:17:55,661.3509,medium,Buy->Buy->Buy->Buy->Sell,True,675.03,2025-11-20 10:41:04,2.0683573576447767,1223.15,4.0,True,675.03,2025-11-20 10:41:04,2.0683573576447767
2025-11-19 14:28:24,659.74,low,Buy->Buy->Buy->Sell,True,675.03,2025-11-20 10:41:04,2.317579652590409,1212.6666666666667,3.0,True,675.03,2025-11-20 10:41:04,2.317579652590409
2025-11-19 15:58:15,662.58,low,Buy->Buy->Sell,True,675.03,2025-11-20 10:41:04,1.8790183826858537,1122.8166666666666,2.0,True,675.03,2025-11-20 10:41:04,1.8790183826858537
2025-11-20 09:46:49,673.75,low,Buy->Sell,True,675.03,2025-11-20 10:41:04,0.1899814471243002,54.25,1.0,True,675.03,2025-11-20 10:41:04,0.1899814471243002
2025-11-20 10:56:08,673.03,low,Other,False,,,,,,True,655.6,2025-11-21 09:53:24,-2.5897805447008233
2025-11-20 11:36:09,666.27,low,Other,False,,,,,,True,655.6,2025-11-21 09:53:24,-1.6014528644543442
2025-11-20 12:27:49,658.67,medium,Other,False,,,,,,True,655.6,2025-11-21 09:53:24,-0.46609075864999716
2025-11-20 13:48:02,655.695,low,Buy->Buy->Buy->Buy->Sell,False,,,,,,True,655.6,2025-11-21 09:53:24,-0.014488443559890998
2025-11-20 14:33:08,655.79,medium,Buy->Buy->Buy->Sell,False,,,,,,True,655.6,2025-11-21 09:53:24,-0.028972689428009103
2025-11-20 15:59:10,652.53,low,Buy->Buy->Sell,True,655.6,2025-11-21 09:53:24,0.4704764531898994,1074.2333333333333,2.0,True,655.6,2025-11-21 09:53:24,0.4704764531898994
2025-11-21 09:48:54,655.27,low,Buy->Sell,True,655.6,2025-11-21 09:53:24,0.05036091992614356,4.5,1.0,True,655.6,2025-11-21 09:53:24,0.05036091992614356
2025-11-21 10:03:54,653.89,low,Buy->Buy->Sell,True,656.955,2025-11-21 11:39:55,0.4687332731805128,96.01666666666667,2.0,True,656.955,2025-11-21 11:39:55,0.4687332731805128
2025-11-21 10:24:57,655.1,high,Buy->Sell,True,656.955,2025-11-21 11:39:55,0.28316287589681244,74.96666666666667,1.0,True,656.955,2025-11-21 11:39:55,0.28316287589681244
2025-11-21 13:20:54,657.75,high,Buy->Sell,True,664.3,2025-11-21 14:21:54,0.9958190801976365,61.0,1.0,True,664.3,2025-11-21 14:21:54,0.9958190801976365
2025-11-21 15:56:54,658.51,high,Buy->Buy->Sell,True,665.405,2025-11-24 10:21:55,1.047060788750358,3985.016666666667,2.0,True,665.405,2025-11-24 10:21:55,1.047060788750358
2025-11-24 09:53:24,663.38,high,Buy->Sell,True,665.405,2025-11-24 10:21:55,0.3052549066899782,28.516666666666666,1.0,True,665.405,2025-11-24 10:21:55,0.3052549066899782
2025-11-24 14:54:59,668.27,high,Buy->Sell,True,668.91,2025-11-24 15:10:30,0.09576967393418624,15.516666666666667,1.0,True,668.91,2025-11-24 15:10:30,0.09576967393418624
2025-11-26 09:41:39,678.64,low,Buy->Buy->Sell,True,678.88,2025-11-26 10:35:46,0.035364847341743645,54.11666666666667,2.0,True,678.88,2025-11-26 10:35:46,0.035364847341743645
2025-11-26 10:05:43,677.34,low,Buy->Sell,True,678.88,2025-11-26 10:35:46,0.22735996692945398,30.05,1.0,True,678.88,2025-11-26 10:35:46,0.22735996692945398
2025-11-26 13:35:46,680.2501,high,Buy->Sell,True,680.95,2025-11-26 14:37:15,0.10288862875581652,61.483333333333334,1.0,True,680.95,2025-11-26 14:37:15,0.10288862875581652
2025-11-28 09:44:59,681.27,low,Buy->Sell,False,,,,,,True,681.22,2025-11-28 09:56:59,-0.007339234077524994
2025-12-01 12:17:41,681.77,high,Buy->Sell,True,682.51,2025-12-01 12:47:21,0.10854100356425321,29.666666666666668,1.0,True,682.51,2025-12-01 12:47:21,0.10854100356425321
2025-12-01 15:53:25,680.075,medium,Buy->Sell,True,683.0499,2025-12-02 10:18:41,0.4374370473844699,1105.2666666666667,1.0,True,683.0499,2025-12-02 10:18:41,0.4374370473844699
2025-12-02 11:17:41,681.45,low,Buy->Buy->Buy->Sell,True,682.69,2025-12-02 15:32:43,0.18196492772764092,255.03333333333333,3.0,True,682.69,2025-12-02 15:32:43,0.18196492772764092
2025-12-02 13:01:28,680.8,low,Buy->Buy->Sell,True,682.69,2025-12-02 15:32:43,0.2776145710928467,151.25,2.0,True,682.69,2025-12-02 15:32:43,0.2776145710928467
2025-12-02 14:23:40,680.9682,medium,Buy->Sell,True,682.69,2025-12-02 15:32:43,0.25284587444759243,69.05,1.0,True,682.69,2025-12-02 15:32:43,0.25284587444759243
2025-12-02 15:52:04,682.07,high,Buy->Sell,False,,,,,,True,681.72,2025-12-03 10:32:21,-0.051314381221872055
2025-12-03 11:13:25,682.155,high,Buy->Sell,True,682.52,2025-12-03 11:30:07,0.05350690092427808,16.7,1.0,True,682.52,2025-12-03 11:30:07,0.05350690092427808
2025-12-03 15:55:22,683.88,high,Buy->Buy->Buy->Buy->Sell,True,684.29,2025-12-04 12:52:19,0.0599520383692999,1256.95,4.0,True,684.29,2025-12-04 12:52:19,0.0599520383692999
2025-12-04 10:19:18,683.38,low,Buy->Buy->Buy->Sell,True,684.29,2025-12-04 12:52:19,0.13316163774180811,153.01666666666668,3.0,True,684.29,2025-12-04 12:52:19,0.13316163774180811
2025-12-04 10:26:16,682.54,low,Buy->Buy->Sell,True,684.29,2025-12-04 12:52:19,0.25639522958361416,146.05,2.0,True,684.29,2025-12-04 12:52:19,0.25639522958361416
2025-12-04 11:01:19,683.22,medium,Buy->Sell,True,684.29,2025-12-04 12:52:19,0.15661134041742578,111.0,1.0,True,684.29,2025-12-04 12:52:19,0.15661134041742578
2025-12-04 13:08:18,683.72,medium,Buy->Sell,True,684.725,2025-12-04 13:31:18,0.14698999590475567,23.0,1.0,True,684.725,2025-12-04 13:31:18,0.14698999590475567
2025-12-04 13:50:18,684.15,high,Other,True,688.03,2025-12-05 10:15:00,0.567127092011985,1224.7,5.0,True,688.03,2025-12-05 10:15:00,0.567127092011985
2025-12-04 14:15:18,683.485,medium,Buy->Buy->Buy->Buy->Sell,True,688.03,2025-12-05 10:15:00,0.6649743593495042,1199.7,4.0,True,688.03,2025-12-05 10:15:00,0.6649743593495042
2025-12-04 14:20:18,682.23,medium,Buy->Buy->Buy->Sell,True,688.03,2025-12-05 10:15:00,0.8501531741494737,1194.7,3.0,True,688.03,2025-12-05 10:15:00,0.8501531741494737
2025-12-04 15:09:15,682.92,medium,Buy->Buy->Sell,True,688.03,2025-12-05 10:15:00,0.7482574825748277,1145.75,2.0,True,688.03,2025-12-05 10:15:00,0.7482574825748277
2025-12-05 09:44:00,685.83,low,Buy->Sell,True,688.03,2025-12-05 10:15:00,0.32077920184301234,31.0,1.0,True,688.03,2025-12-05 10:15:00,0.32077920184301234
2025-12-05 10:59:59,686.67,medium,Other,False,,,,,,True,684.18,2025-12-09 10:14:13,-0.3626195989339871
2025-12-05 11:16:31,685.915,medium,Other,False,,,,,,True,684.18,2025-12-09 10:14:13,-0.2529467936989297
2025-12-05 12:26:00,685.46,low,Other,False,,,,,,True,684.18,2025-12-09 10:14:13,-0.1867359145683317
2025-12-05 12:37:59,685.0348,low,Other,False,,,,,,True,684.18,2025-12-09 10:14:13,-0.1247819818788868
2025-12-05 14:06:00,686.12,medium,Other,False,,,,,,True,684.18,2025-12-09 10:14:13,-0.28274937328747957
2025-12-05 15:43:59,685.85,medium,Other,False,,,,,,True,684.18,2025-12-09 10:14:13,-0.24349347524970075
2025-12-05 15:48:59,685.015,low,Other,False,,,,,,True,684.18,2025-12-09 10:14:13,-0.12189514098231959
2025-12-08 09:48:52,685.335,low,Other,False,,,,,,True,684.18,2025-12-09 10:14:13,-0.1685307185537126
2025-12-08 10:18:51,685.005,low,Other,False,,,,,,True,684.18,2025-12-09 10:14:13,-0.12043707710163362
2025-12-08 10:29:23,684.555,high,Other,False,,,,,,True,684.18,2025-12-09 10:14:13,-0.05478011262791156
2025-12-08 10:47:21,684.32,low,Other,False,,,,,,True,684.18,2025-12-09 10:14:13,-0.02045826513913082
2025-12-08 11:44:53,683.8298,low,Other,True,684.18,2025-12-09 10:14:13,0.051211573406127156,1349.3333333333333,8.0,True,684.18,2025-12-09 10:14:13,0.051211573406127156
2025-12-08 12:03:51,682.8756,low,Other,True,684.18,2025-12-09 10:14:13,0.19101575748203434,1330.3666666666666,7.0,True,684.18,2025-12-09 10:14:13,0.19101575748203434
2025-12-08 12:21:51,682.88,low,Other,True,684.18,2025-12-09 10:14:13,0.19037019681348913,1312.3666666666666,6.0,True,684.18,2025-12-09 10:14:13,0.19037019681348913
2025-12-08 13:31:51,682.7827,low,Other,True,684.18,2025-12-09 10:14:13,0.2046478330514193,1242.3666666666666,5.0,True,684.18,2025-12-09 10:14:13,0.2046478330514193
2025-12-08 13:54:22,682.59,low,Buy->Buy->Buy->Buy->Sell,True,684.18,2025-12-09 10:14:13,0.2329363160901739,1219.85,4.0,True,684.18,2025-12-09 10:14:13,0.2329363160901739
2025-12-08 14:31:29,682.31,low,Buy->Buy->Buy->Sell,True,684.18,2025-12-09 10:14:13,0.274068971581833,1182.7333333333333,3.0,True,684.18,2025-12-09 10:14:13,0.274068971581833
2025-12-08 14:49:26,682.51,low,Buy->Buy->Sell,True,684.18,2025-12-09 10:14:13,0.24468505955956088,1164.7833333333333,2.0,True,684.18,2025-12-09 10:14:13,0.24468505955956088
2025-12-08 15:32:51,682.34,low,Buy->Sell,True,684.18,2025-12-09 10:14:13,0.2696602866605971,1121.3666666666666,1.0,True,684.18,2025-12-09 10:14:13,0.2696602866605971
2025-12-09 10:39:13,684.03,medium,Buy->Sell,True,684.62,2025-12-09 11:04:12,0.08625352689210004,24.983333333333334,1.0,True,684.62,2025-12-09 11:04:12,0.08625352689210004
2025-12-09 12:46:13,683.88,medium,Other,False,,,,,,True,682.995,2025-12-10 10:03:49,-0.12940866818739996
2025-12-09 13:47:19,683.55,low,Other,False,,,,,,True,682.995,2025-12-10 10:03:49,-0.08119376782970522
2025-12-09 14:36:41,683.475,low,Other,False,,,,,,True,682.995,2025-12-10 10:03:49,-0.07022934269724836
2025-12-09 15:11:12,683.61,low,Buy->Buy->Buy->Buy->Sell,False,,,,,,True,682.995,2025-12-10 10:03:49,-0.08996357572300129
2025-12-09 15:26:14,683.3799,low,Buy->Buy->Buy->Sell,False,,,,,,True,682.995,2025-12-10 10:03:49,-0.05632299106251384
2025-12-09 15:52:12,683.19,low,Buy->Buy->Sell,False,,,,,,True,682.995,2025-12-10 10:03:49,-0.0285425723444503
2025-12-09 15:56:11,682.84,low,Buy->Sell,True,682.995,2025-12-10 10:03:49,0.022699314627141455,1087.6333333333334,1.0,True,682.995,2025-12-10 10:03:49,0.022699314627141455
2025-12-10 10:41:51,682.15,low,Buy->Buy->Sell,True,683.25,2025-12-10 12:13:27,0.1612548559700979,91.6,2.0,True,683.25,2025-12-10 12:13:27,0.1612548559700979
2025-12-10 11:01:27,681.82,low,Buy->Sell,True,683.25,2025-12-10 12:13:27,0.20973277404592855,72.0,1.0,True,683.25,2025-12-10 12:13:27,0.20973277404592855
2025-12-10 13:52:51,682.985,high,Buy->Sell,True,684.05,2025-12-10 14:01:52,0.15593314640877043,9.016666666666667,1.0,True,684.05,2025-12-10 14:01:52,0.15593314640877043
2025-12-11 09:48:32,684.17,low,Buy->Sell,True,686.47,2025-12-11 11:44:30,0.33617375798413673,115.96666666666667,1.0,True,686.47,2025-12-11 11:44:30,0.33617375798413673
