signal#,timestamp,price,buy/sell,fPrice,risk
1,2025-02-14 09:37:02,6116.98,Buy,610.21,low
2,2025-02-14 09:59:00,6120.75,Sell,610.465,low
3,2025-02-14 10:03:02,6117.86,Buy,610.3701,low
4,2025-02-14 10:14:01,6124.56,Sell,610.68,low
5,2025-02-14 10:34:02,6118.21,Buy,610.17,low
6,2025-02-14 11:08:03,6122.42,Sell,610.81,low
7,2025-02-14 11:18:01,6119.05,Buy,610.11,low
8,2025-02-14 11:22:01,6118.87,Buy,609.84,low
9,2025-02-14 11:49:03,6114.72,Buy,609.7,low
10,2025-02-14 12:09:01,6114.58,Buy,609.64,low
11,2025-02-14 13:41:02,6120.96,Sell,610.46,low
12,2025-02-14 14:01:01,6121.0,Sell,610.46,low
13,2025-02-14 14:13:01,6122.84,Sell,610.675,low
14,2025-02-14 14:29:02,6117.92,Buy,610.13,medium
15,2025-02-14 15:07:32,6115.73,Buy,609.93,medium
16,2025-02-14 15:31:00,6113.12,Buy,609.78,low
1,2025-02-18 09:41:49,6121.02,Buy,610.6299,low
2,2025-02-18 09:47:48,6116.28,Buy,610.0399,low
3,2025-02-18 10:26:51,6114.11,Buy,609.6,low
4,2025-02-18 11:03:50,6121.66,Sell,610.51,medium
5,2025-02-18 11:25:50,6115.86,Buy,609.99,low
6,2025-02-18 11:57:49,6121.35,Sell,610.515,low
7,2025-02-18 12:21:49,6114.54,Buy,609.81,low
8,2025-02-18 12:51:49,6119.48,Sell,610.51,low
9,2025-02-18 13:07:50,6120.74,Sell,610.5,low
10,2025-02-18 13:19:51,6115.14,Buy,609.86,low
11,2025-02-18 13:35:49,6112.61,Buy,609.71,low
12,2025-02-18 14:04:51,6113.85,Buy,609.66,low
13,2025-02-18 14:07:49,6113.84,Buy,608.865,low
14,2025-02-18 14:08:49,6113.45,Buy,608.88,low
15,2025-02-18 15:37:49,6112.94,Buy,609.71,high
16,2025-02-18 15:55:48,6120.22,Sell,610.46,low
1,2025-02-19 09:52:46,6113.31,Buy,609.94,low
2,2025-02-19 10:02:47,6116.45,Sell,609.81,low
3,2025-02-19 10:19:47,6116.34,Buy,609.9401,low
4,2025-02-19 10:21:46,6113.81,Buy,609.87,low
5,2025-02-19 10:30:47,6117.0,Sell,610.305,low
6,2025-02-19 10:32:47,6122.0,Sell,610.46,low
7,2025-02-19 11:05:46,6121.41,Sell,610.69,low
8,2025-02-19 11:20:46,6126.41,Sell,611.03,low
9,2025-02-19 11:45:46,6130.0,Sell,611.6801,low
10,2025-02-19 12:01:47,6130.0,Sell,611.73,low
11,2025-02-19 12:07:46,6133.89,Sell,611.77,low
12,2025-02-19 12:21:47,6129.62,Buy,611.32,high
13,2025-02-19 12:31:47,6133.85,Sell,610.945,low
14,2025-02-19 12:44:48,6129.02,Sell,611.28,low
15,2025-02-19 12:54:49,6133.21,Sell,611.72,low
16,2025-02-19 13:22:46,6131.15,Sell,611.6,low
17,2025-02-19 13:49:49,6133.12,Sell,611.725,low
18,2025-02-19 13:54:48,6130.56,Buy,611.59,high
19,2025-02-19 14:14:48,6135.0,Sell,612.58,low
20,2025-02-19 14:36:47,6143.6,Sell,612.855,low
21,2025-02-19 14:52:47,6145.0,Sell,613.04,low
22,2025-02-19 15:09:48,6141.01,Sell,612.4802,low
23,2025-02-19 15:13:48,6145.0,Sell,612.56,low
24,2025-02-19 15:28:46,6137.22,Buy,612.0,high
25,2025-02-19 15:56:46,6141.54,Sell,612.73,low
1,2025-02-20 09:36:31,6127.57,Buy,611.34,low
2,2025-02-20 09:45:30,6120.14,Buy,610.5,low
3,2025-02-20 09:57:30,6106.56,Buy,609.06,low
4,2025-02-20 10:15:30,6101.58,Buy,608.78,high
5,2025-02-20 10:51:31,6091.5,Buy,607.6698,low
6,2025-02-20 11:26:30,6094.84,Buy,607.89,high
7,2025-02-20 11:49:32,6091.96,Buy,607.59,low
8,2025-02-20 13:09:32,6095.88,Buy,608.17,medium
9,2025-02-20 13:30:31,6094.9,Buy,607.975,medium
10,2025-02-20 14:42:33,6103.55,Buy,609.05,medium
1,2025-02-21 09:45:53,6107.63,Buy,609.32,low
2,2025-02-21 09:50:54,6104.0,Buy,608.4725,low
3,2025-02-21 10:08:54,6095.0,Buy,608.1701,low
4,2025-02-21 10:27:54,6085.67,Buy,606.66,low
5,2025-02-21 11:07:54,6080.08,Buy,606.76,low
6,2025-02-21 11:55:54,6079.65,Buy,606.6,low
7,2025-02-21 12:19:57,6079.63,Buy,605.7,low
8,2025-02-21 12:48:55,6064.0,Buy,604.81,low
9,2025-02-21 12:57:55,6063.55,Buy,603.78,low
10,2025-02-21 13:15:55,6047.23,Buy,603.33,medium
11,2025-02-21 13:34:57,6035.21,Buy,602.05,low
12,2025-02-21 13:54:56,6037.36,Buy,602.21,low
13,2025-02-21 14:02:55,6040.0,Buy,601.34,low
14,2025-02-21 14:24:57,6022.27,Buy,600.67,low
15,2025-02-21 14:59:59,6020.0,Buy,600.035,low
16,2025-02-21 15:20:55,6020.0,Buy,600.2301,low
17,2025-02-21 15:47:54,6020.0,Buy,599.89,low
1,2025-02-24 09:41:41,6027.5,Buy,601.23,low
2,2025-02-24 10:01:40,6002.81,Buy,597.96,low
3,2025-02-24 10:49:43,5992.74,Buy,597.99,medium
4,2025-02-24 12:21:41,6027.82,Sell,601.3151,low
5,2025-02-24 13:19:44,6027.93,Sell,601.54,low
6,2025-02-24 13:51:40,6020.38,Buy,600.77,high
7,2025-02-24 14:12:40,6018.91,Buy,600.55,high
8,2025-02-24 14:57:42,6008.98,Buy,599.66,medium
1,2025-02-25 09:51:47,5970.45,Buy,595.3556,low
2,2025-02-25 10:10:48,5954.91,Buy,593.62,medium
3,2025-02-25 10:22:47,5930.37,Buy,592.02,low
4,2025-02-25 11:13:48,5934.69,Buy,592.04,high
5,2025-02-25 11:27:48,5924.68,Buy,590.92,low
6,2025-02-25 13:35:48,5953.66,Buy,594.15,high
7,2025-02-25 14:17:50,5948.73,Buy,593.68,high
8,2025-02-25 15:23:47,5975.2,Sell,596.38,low
9,2025-02-25 15:56:47,5953.21,Buy,594.32,high
1,2025-02-26 09:43:47,5968.0,Buy,595.75,low
2,2025-02-26 09:50:48,5968.16,Buy,597.13,low
3,2025-02-26 10:19:49,6002.76,Sell,599.1301,low
4,2025-02-26 10:46:48,6000.93,Sell,598.7075,low
5,2025-02-26 11:01:48,6003.88,Sell,599.38,low
6,2025-02-26 11:24:49,6003.24,Sell,599.15,low
7,2025-02-26 11:25:47,6004.13,Sell,598.98,low
8,2025-02-26 11:27:47,6004.22,Sell,598.79,low
9,2025-02-26 11:33:48,5995.66,Buy,598.4,high
10,2025-02-26 12:41:48,5984.09,Buy,597.185,medium
11,2025-02-26 13:00:49,5972.53,Buy,595.6099,low
12,2025-02-26 13:35:50,5960.0,Buy,594.27,low
13,2025-02-26 13:51:49,5950.0,Buy,593.28,low
14,2025-02-26 14:58:48,5945.29,Buy,592.6878,low
15,2025-02-26 15:37:47,5949.71,Buy,593.81,high
1,2025-02-27 09:37:22,5992.0,Sell,597.555,low
2,2025-02-27 09:48:22,5974.56,Buy,595.43,high
3,2025-02-27 10:02:22,5930.0,Buy,591.6481,low
4,2025-02-27 10:53:22,5955.53,Buy,594.32,high
5,2025-02-27 11:08:22,5954.26,Buy,594.07,high
6,2025-02-27 11:43:23,5953.49,Buy,593.76,medium
7,2025-02-27 12:03:22,5943.15,Buy,592.9,medium
8,2025-02-27 12:43:22,5940.47,Buy,592.66,high
9,2025-02-27 14:00:24,5950.43,Buy,593.43,medium
10,2025-02-27 14:25:22,5933.45,Buy,591.665,low
11,2025-02-27 14:47:23,5911.22,Buy,589.61,medium
12,2025-02-27 15:07:23,5900.0,Buy,587.94,low
13,2025-02-27 15:30:21,5881.94,Buy,586.84,low
14,2025-02-27 15:55:21,5880.0,Buy,585.27,low
1,2025-02-28 09:40:53,5863.45,Sell,584.72,low
2,2025-02-28 10:26:53,5890.0,Sell,588.05,low
3,2025-02-28 10:51:53,5892.03,Sell,588.23,low
4,2025-02-28 10:59:55,5899.69,Sell,588.86,low
5,2025-02-28 11:28:53,5878.18,Buy,586.15,high
6,2025-02-28 11:41:53,5892.59,Sell,587.88,low
7,2025-02-28 12:03:54,5881.52,Buy,586.75,high
8,2025-02-28 12:46:53,5866.81,Buy,584.7701,medium
9,2025-02-28 13:17:54,5850.0,Buy,583.33,low
10,2025-02-28 14:12:54,5859.64,Buy,584.6,high
11,2025-02-28 15:01:55,5891.93,Sell,588.14,low
12,2025-02-28 15:56:53,5940.0,Sell,593.59,low
1,2025-03-03 09:40:51,5968.65,Buy,595.355,low
2,2025-03-03 09:59:52,5944.75,Buy,593.05,low
3,2025-03-03 10:20:51,5936.47,Buy,592.63,high
4,2025-03-03 10:51:51,5946.93,Buy,593.73,high
5,2025-03-03 11:16:52,5942.24,Buy,593.33,medium
6,2025-03-03 12:38:52,5945.25,Buy,593.4856,medium
7,2025-03-03 12:58:52,5928.42,Buy,591.71,low
8,2025-03-03 13:19:54,5912.09,Buy,589.71,low
9,2025-03-03 13:38:52,5900.0,Buy,587.67,low
10,2025-03-03 14:30:52,5900.74,Buy,588.97,low
11,2025-03-03 14:51:54,5904.05,Buy,587.33,medium
12,2025-03-03 14:52:52,5900.0,Buy,586.83,low
13,2025-03-03 15:04:54,5860.0,Buy,584.36,low
14,2025-03-03 15:47:51,5834.66,Buy,581.5896,high
1,2025-03-04 09:36:24,5797.12,Buy,579.4799,low
2,2025-03-04 09:57:25,5780.33,Buy,577.11,low
3,2025-03-04 10:09:25,5779.46,Buy,574.59,low
4,2025-03-04 10:54:25,5749.15,Buy,573.77,medium
5,2025-03-04 11:10:24,5740.28,Buy,572.83,low
6,2025-03-04 11:28:24,5743.05,Buy,572.701,low
7,2025-03-04 12:59:25,5774.1,Buy,576.494,high
8,2025-03-04 13:54:27,5805.81,Sell,579.7,low
9,2025-03-04 14:04:26,5820.0,Sell,581.535,low
10,2025-03-04 14:19:27,5827.4,Sell,581.735,low
11,2025-03-04 14:56:24,5836.26,Sell,582.65,low
12,2025-03-04 15:14:25,5840.0,Sell,583.48,low
13,2025-03-04 15:47:24,5844.64,Sell,579.01,low
1,2025-03-05 10:20:00,5781.88,Buy,576.81,high
2,2025-03-05 10:51:58,5776.67,Buy,576.38,high
3,2025-03-05 11:11:58,5760.0,Buy,574.16,low
4,2025-03-05 11:27:58,5754.36,Buy,573.95,low
5,2025-03-05 12:37:58,5799.2,Sell,578.935,low
6,2025-03-05 12:55:00,5815.17,Sell,580.46,low
7,2025-03-05 13:58:58,5817.64,Sell,581.31,low
8,2025-03-05 14:15:58,5840.0,Sell,584.195,low
9,2025-03-05 14:51:59,5840.0,Sell,583.4299,low
10,2025-03-05 15:10:58,5854.48,Sell,584.42,low
1,2025-03-06 09:37:35,5754.26,Buy,574.66,low
2,2025-03-06 10:22:37,5790.0,Sell,578.7,low
3,2025-03-06 11:13:35,5806.74,Sell,579.548,low
4,2025-03-06 12:02:36,5761.16,Buy,574.23,low
5,2025-03-06 12:25:36,5744.72,Buy,573.175,low
6,2025-03-06 12:54:38,5729.35,Buy,571.87,low
7,2025-03-06 13:34:37,5739.37,Buy,572.5,medium
8,2025-03-06 13:52:36,5737.32,Buy,572.68,high
9,2025-03-06 14:24:37,5724.29,Buy,571.245,low
10,2025-03-06 15:10:35,5739.17,Buy,572.82,high
1,2025-03-07 09:36:46,5731.73,Buy,571.69,high
2,2025-03-07 09:58:46,5760.43,Sell,574.24,medium
3,2025-03-07 10:15:48,5738.25,Buy,572.75,medium
4,2025-03-07 11:21:46,5700.0,Buy,568.98,low
5,2025-03-07 11:52:46,5680.0,Buy,565.83,low
6,2025-03-07 12:09:48,5680.0,Buy,566.46,medium
7,2025-03-07 13:21:48,5746.95,Sell,573.25,low
8,2025-03-07 14:02:46,5760.0,Sell,576.14,low
9,2025-03-07 14:31:46,5775.36,Sell,576.77,low
10,2025-03-07 15:39:49,5745.19,Buy,573.925,high
11,2025-03-07 15:55:45,5745.12,Buy,576.64,high
1,2025-03-10 09:38:27,5686.21,Sell,567.93,low
2,2025-03-10 09:52:30,5684.14,Buy,567.68,high
3,2025-03-10 10:14:30,5672.42,Buy,566.36,medium
4,2025-03-10 10:32:28,5672.17,Buy,565.21,medium
5,2025-03-10 11:50:28,5659.23,Buy,564.45,high
6,2025-03-10 12:06:29,5647.83,Buy,563.86,low
7,2025-03-10 12:08:29,5632.78,Buy,563.47,low
8,2025-03-10 12:29:31,5645.81,Buy,563.77,high
9,2025-03-10 12:44:30,5641.11,Buy,562.975,low
10,2025-03-10 13:52:29,5620.0,Buy,560.37,low
11,2025-03-10 14:08:29,5606.84,Buy,559.67,low
12,2025-03-10 14:56:28,5586.72,Buy,557.54,low
1,2025-03-11 09:36:25,5594.21,Buy,559.66,low
2,2025-03-11 10:04:27,5590.0,Buy,556.995,low
3,2025-03-11 10:41:26,5553.32,Buy,554.1,low
4,2025-03-11 12:08:26,5572.11,Buy,556.35,medium
5,2025-03-11 12:24:28,5568.18,Buy,555.93,medium
6,2025-03-11 12:42:26,5564.4,Buy,555.96,medium
7,2025-03-11 12:58:27,5560.0,Buy,554.13,low
8,2025-03-11 13:23:26,5540.0,Buy,552.25,low
9,2025-03-11 14:44:29,5612.61,Sell,560.72,low
10,2025-03-11 15:26:26,5599.34,Buy,559.63,high
11,2025-03-11 15:55:28,5583.76,Buy,557.24,high
1,2025-03-12 10:25:50,5593.67,Buy,558.47,low
2,2025-03-12 10:28:50,5602.0,Sell,559.38,low
3,2025-03-12 10:56:50,5574.89,Buy,556.45,low
4,2025-03-12 11:20:50,5563.83,Buy,555.75,high
5,2025-03-12 11:49:51,5593.19,Sell,558.62,low
6,2025-03-12 12:15:52,5610.0,Sell,560.13,low
7,2025-03-12 12:34:49,5615.09,Sell,561.09,low
8,2025-03-12 13:00:53,5615.04,Sell,559.3,low
9,2025-03-12 13:30:53,5615.07,Sell,561.49,high
10,2025-03-12 14:30:52,5609.96,Sell,560.27,low
11,2025-03-12 14:53:51,5618.26,Sell,560.74,medium
12,2025-03-12 15:17:51,5602.9,Buy,559.86,high
13,2025-03-12 15:36:50,5593.48,Buy,558.88,high
1,2025-03-13 09:41:47,5589.46,Buy,558.07,high
2,2025-03-13 09:44:48,5589.46,Buy,557.075,high
3,2025-03-13 10:16:47,5583.65,Sell,557.54,low
4,2025-03-13 11:07:47,5583.67,Sell,555.65,low
5,2025-03-13 11:24:49,5558.42,Buy,555.09,medium
6,2025-03-13 11:36:47,5543.38,Buy,553.15,low
7,2025-03-13 11:54:49,5540.45,Buy,552.95,low
8,2025-03-13 12:58:47,5529.29,Buy,552.31,low
9,2025-03-13 13:14:48,5523.46,Buy,551.55,low
10,2025-03-13 13:38:47,5520.0,Buy,550.355,low
11,2025-03-13 15:22:48,5535.86,Buy,552.82,medium
12,2025-03-13 15:49:50,5523.6,Buy,551.24,medium
1,2025-03-14 09:50:23,5598.51,Sell,559.2876,low
2,2025-03-14 10:16:21,5575.06,Buy,556.88,medium
3,2025-03-14 10:58:22,5598.17,Sell,559.5865,low
4,2025-03-14 11:13:21,5605.78,Sell,560.155,medium
5,2025-03-14 11:33:22,5620.0,Sell,561.7604,low
6,2025-03-14 12:12:21,5615.12,Buy,560.64,high
7,2025-03-14 12:59:23,5625.11,Sell,562.09,low
8,2025-03-14 14:24:23,5611.0,Buy,560.34,high
9,2025-03-14 15:07:22,5628.0,Sell,562.2912,low
10,2025-03-14 15:52:23,5630.0,Sell,562.8267,low
1,2025-03-17 09:40:11,5660.0,Sell,565.7,low
2,2025-03-17 09:50:11,5656.96,Buy,565.13,high
3,2025-03-17 11:09:08,5644.49,Buy,564.024,medium
4,2025-03-17 11:35:10,5639.07,Buy,563.22,low
5,2025-03-17 13:27:09,5664.32,Sell,565.94,low
6,2025-03-17 14:14:09,5686.86,Sell,568.37,low
7,2025-03-17 14:31:10,5690.0,Sell,568.95,low
8,2025-03-17 14:50:11,5700.0,Sell,569.32,low
9,2025-03-17 15:33:10,5695.52,Sell,568.82,low
10,2025-03-17 15:57:08,5680.17,Buy,567.56,high
1,2025-03-18 10:15:47,5613.5,Buy,560.49,low
2,2025-03-18 11:22:47,5607.85,Buy,559.75,medium
3,2025-03-18 11:57:47,5600.89,Buy,559.1,low
4,2025-03-18 12:53:47,5604.07,Buy,559.8201,low
5,2025-03-18 13:24:49,5609.52,Buy,560.66,medium
6,2025-03-18 15:01:48,5617.26,Buy,561.02,high
7,2025-03-18 15:48:47,5611.61,Buy,559.95,low
1,2025-03-19 09:48:47,5639.84,Sell,563.2,low
2,2025-03-19 10:23:45,5655.0,Sell,565.0,low
3,2025-03-19 10:52:46,5643.21,Buy,563.67,high
4,2025-03-19 11:35:47,5652.71,Sell,564.6054,low
5,2025-03-19 11:55:46,5665.63,Sell,565.9201,low
6,2025-03-19 12:11:47,5663.11,Sell,565.71,low
7,2025-03-19 12:57:47,5654.2,Buy,564.8,high
8,2025-03-19 13:06:46,5649.33,Buy,564.54,high
9,2025-03-19 13:31:47,5654.2,Buy,563.12,high
10,2025-03-19 14:17:46,5661.26,Sell,565.34,low
11,2025-03-19 14:35:46,5665.49,Sell,565.77,low
12,2025-03-19 15:59:48,5672.72,Buy,567.01,high
1,2025-03-20 09:38:56,5650.88,Sell,564.4,low
2,2025-03-20 10:05:55,5685.91,Sell,567.93,low
3,2025-03-20 10:22:55,5690.0,Sell,568.8598,low
4,2025-03-20 10:39:58,5700.0,Sell,569.56,low
5,2025-03-20 11:49:57,5698.4,Sell,569.37,low
6,2025-03-20 12:18:56,5681.67,Buy,567.81,high
7,2025-03-20 12:29:56,5667.72,Buy,566.24,medium
8,2025-03-20 13:01:56,5664.06,Buy,566.21,medium
9,2025-03-20 13:28:57,5654.37,Buy,564.76,low
10,2025-03-20 14:03:56,5659.06,Buy,565.53,high
11,2025-03-20 14:22:55,5655.83,Buy,564.87,medium
12,2025-03-20 15:30:59,5654.51,Buy,565.28,low
1,2025-03-21 09:43:31,5623.71,Sell,560.09,low
2,2025-03-21 09:50:31,5618.81,Buy,559.82,high
3,2025-03-21 10:04:33,5613.55,Buy,559.4,low
4,2025-03-21 10:41:32,5620.27,Sell,559.31,low
5,2025-03-21 11:23:32,5625.04,Buy,560.021,high
6,2025-03-21 11:55:31,5618.79,Buy,559.73,high
7,2025-03-21 12:13:31,5635.38,Sell,561.1311,low
8,2025-03-21 12:53:31,5648.68,Sell,562.79,low
9,2025-03-21 13:30:31,5640.95,Buy,562.03,high
10,2025-03-21 13:45:32,5653.55,Sell,563.16,low
11,2025-03-21 15:51:33,5651.6,Sell,563.1,low
12,2025-03-21 15:56:31,5660.0,Sell,564.1401,low
1,2025-03-24 09:44:49,5741.7,Sell,572.04,low
2,2025-03-24 10:14:49,5749.69,Sell,572.82,low
3,2025-03-24 10:34:51,5750.5,Sell,573.0,low
4,2025-03-24 10:46:48,5753.0,Sell,573.1866,low
5,2025-03-24 10:58:48,5757.2,Sell,573.41,low
6,2025-03-24 11:14:50,5760.0,Sell,573.77,low
7,2025-03-24 12:01:48,5760.0,Sell,573.92,low
8,2025-03-24 12:18:48,5761.3,Sell,573.91,low
9,2025-03-24 12:26:49,5757.61,Buy,573.44,high
10,2025-03-24 13:11:48,5750.92,Buy,572.72,high
11,2025-03-24 14:04:52,5745.48,Buy,572.3076,medium
12,2025-03-24 15:12:49,5750.92,Buy,573.92,high
13,2025-03-24 15:41:48,5761.44,Sell,574.03,low
14,2025-03-24 15:44:50,5764.58,Sell,574.23,low
15,2025-03-24 15:48:49,5764.78,Sell,574.51,low
1,2025-03-25 09:44:51,5770.0,Buy,574.78,low
2,2025-03-25 10:05:49,5766.61,Buy,574.51,low
3,2025-03-25 10:23:47,5777.86,Sell,575.41,low
4,2025-03-25 10:28:48,5781.08,Sell,575.497,low
5,2025-03-25 10:50:48,5778.23,Sell,576.05,low
6,2025-03-25 11:08:48,5783.1,Sell,576.09,low
7,2025-03-25 11:29:49,5779.89,Buy,575.69,high
8,2025-03-25 12:07:48,5769.68,Buy,574.6801,low
9,2025-03-25 12:22:48,5769.85,Buy,574.78,low
10,2025-03-25 12:28:48,5768.33,Buy,574.57,low
11,2025-03-25 12:49:51,5769.73,Buy,574.65,low
12,2025-03-25 13:21:48,5769.26,Buy,574.6,low
13,2025-03-25 13:48:48,5768.76,Buy,574.35,low
14,2025-03-25 14:07:49,5765.0,Buy,573.9,low
15,2025-03-25 15:04:50,5767.18,Buy,574.335,low
16,2025-03-25 15:31:51,5767.31,Buy,574.47,low
17,2025-03-25 15:36:49,5765.0,Buy,574.39,low
1,2025-03-26 09:39:53,5778.0,Sell,575.81,low
2,2025-03-26 09:47:51,5754.33,Buy,575.17,high
3,2025-03-26 09:59:53,5760.94,Buy,573.63,low
4,2025-03-26 10:18:51,5760.07,Buy,573.65,low
5,2025-03-26 10:53:51,5732.27,Buy,573.785,low
6,2025-03-26 11:22:51,5755.13,Buy,572.94,medium
7,2025-03-26 11:29:54,5745.3,Buy,572.34,low
8,2025-03-26 11:47:51,5745.08,Buy,572.1,low
9,2025-03-26 12:27:51,5731.82,Buy,570.8099,low
10,2025-03-26 12:53:51,5730.0,Buy,570.0632,low
11,2025-03-26 13:02:53,5720.0,Buy,569.92,low
12,2025-03-26 13:32:51,5710.0,Buy,568.38,low
13,2025-03-26 13:53:52,5708.35,Buy,568.33,low
14,2025-03-26 14:48:52,5701.59,Buy,567.34,low
15,2025-03-26 15:06:51,5701.63,Buy,567.55,low
16,2025-03-26 15:29:54,5703.76,Buy,567.7,low
1,2025-03-27 09:39:02,5677.13,Buy,565.385,low
2,2025-03-27 10:00:05,5703.43,Sell,568.81,low
3,2025-03-27 10:46:03,5725.81,Sell,570.37,low
4,2025-03-27 11:32:02,5715.33,Buy,569.4,high
5,2025-03-27 12:21:02,5718.67,Sell,569.52,low
6,2025-03-27 12:57:04,5693.67,Buy,566.82,medium
7,2025-03-27 13:33:03,5693.78,Buy,567.44,high
8,2025-03-27 15:23:04,5719.78,Sell,569.7497,low
9,2025-03-27 15:52:04,5702.11,Buy,567.69,medium
1,2025-03-28 09:42:03,5682.34,Sell,566.125,low
2,2025-03-28 10:14:03,5640.0,Buy,561.38,low
3,2025-03-28 10:33:03,5620.0,Buy,559.0,low
4,2025-03-28 10:52:04,5611.78,Buy,558.78,low
5,2025-03-28 11:07:03,5605.11,Buy,558.14,low
6,2025-03-28 11:50:05,5605.11,Buy,559.07,low
7,2025-03-28 12:24:03,5600.0,Buy,556.8387,low
8,2025-03-28 12:47:02,5600.0,Buy,557.12,low
9,2025-03-28 13:06:04,5587.47,Buy,555.96,low
10,2025-03-28 13:40:06,5582.69,Buy,555.75,low
11,2025-03-28 14:35:05,5582.69,Buy,555.995,low
12,2025-03-28 14:48:03,5580.0,Buy,555.372,low
13,2025-03-28 15:20:06,5587.25,Buy,555.909,high
14,2025-03-28 15:36:03,5580.21,Buy,555.36,low
15,2025-03-28 15:52:04,5581.26,Buy,555.73,low
1,2025-03-31 09:38:48,5507.76,Buy,549.0899,low
2,2025-03-31 09:57:50,5520.0,Sell,550.09,low
3,2025-03-31 10:27:49,5514.95,Buy,549.69,high
4,2025-03-31 11:38:49,5550.0,Sell,553.3553,low
5,2025-03-31 12:28:49,5551.98,Sell,554.3769,low
6,2025-03-31 13:07:49,5560.0,Sell,554.4509,low
7,2025-03-31 14:06:50,5565.26,Sell,554.99,low
8,2025-03-31 14:12:49,5580.0,Sell,556.9,low
9,2025-03-31 14:29:53,5580.0,Sell,556.95,low
10,2025-03-31 15:08:52,5595.69,Sell,557.81,low
11,2025-03-31 15:22:49,5600.0,Sell,559.04,low
12,2025-03-31 15:43:49,5620.0,Sell,560.33,low
1,2025-04-01 09:42:51,5591.9,Buy,556.475,low
2,2025-04-01 10:08:49,5578.59,Buy,555.21,low
3,2025-04-01 10:46:48,5600.0,Sell,558.03,low
4,2025-04-01 11:09:50,5625.58,Sell,560.49,low
5,2025-04-01 11:25:49,5636.81,Sell,561.65,low
6,2025-04-01 12:16:49,5640.0,Sell,562.56,low
7,2025-04-01 12:31:50,5623.55,Buy,560.5477,high
8,2025-04-01 13:19:50,5619.96,Buy,559.77,high
9,2025-04-01 13:57:50,5612.76,Buy,559.465,high
10,2025-04-01 14:02:49,5600.26,Buy,557.92,medium
11,2025-04-01 14:24:51,5589.29,Buy,556.43,medium
12,2025-04-01 15:55:49,5634.0,Sell,560.73,low
1,2025-04-02 09:40:50,5603.83,Sell,558.73,low
2,2025-04-02 09:56:49,5606.21,Sell,559.08,medium
3,2025-04-02 10:09:52,5613.03,Sell,559.07,high
4,2025-04-02 10:20:50,5620.0,Sell,560.3,low
5,2025-04-02 10:44:52,5626.98,Sell,560.77,medium
6,2025-04-02 10:59:51,5640.0,Sell,562.09,low
7,2025-04-02 11:30:49,5642.1,Sell,563.33,low
8,2025-04-02 12:21:49,5657.04,Sell,563.79,low
9,2025-04-02 12:50:50,5675.25,Sell,565.66,low
10,2025-04-02 13:12:50,5680.0,Sell,567.285,low
11,2025-04-02 13:46:50,5659.51,Buy,564.11,high
12,2025-04-02 14:05:50,5659.73,Buy,562.837,high
13,2025-04-02 15:56:50,5673.54,Sell,565.39,low
1,2025-04-03 10:17:33,5453.36,Buy,543.075,medium
2,2025-04-03 10:48:33,5432.83,Buy,541.16,low
3,2025-04-03 12:30:33,5480.33,Sell,545.19,low
4,2025-04-03 12:37:35,5461.98,Buy,544.53,high
5,2025-04-03 13:17:32,5454.79,Buy,543.08,high
6,2025-04-03 13:29:35,5443.05,Buy,542.26,medium
7,2025-04-03 14:08:34,5436.59,Buy,541.33,low
8,2025-04-03 14:26:34,5431.6,Buy,540.53,medium
9,2025-04-03 15:17:34,5430.92,Buy,538.9,medium
10,2025-04-03 15:35:34,5407.22,Buy,538.27,low
11,2025-04-03 15:57:35,5403.56,Buy,537.71,medium
1,2025-04-04 09:39:49,5231.28,Buy,521.67,low
2,2025-04-04 09:48:48,5246.1,Sell,522.48,high
3,2025-04-04 10:16:46,5200.0,Buy,518.11,low
4,2025-04-04 12:17:47,5160.59,Buy,513.54,low
5,2025-04-04 12:35:47,5134.91,Buy,512.11,low
6,2025-04-04 13:06:47,5144.02,Buy,511.472,medium
7,2025-04-04 14:10:47,5145.2,Buy,512.51,low
8,2025-04-04 14:32:49,5105.23,Buy,508.21,low
9,2025-04-04 15:53:48,5095.33,Buy,506.6,low
1,2025-04-07 09:53:44,4920.0,Sell,491.69,low
2,2025-04-07 10:16:43,5175.09,Sell,521.23,low
3,2025-04-07 10:35:45,5018.46,Buy,497.24,high
4,2025-04-07 11:25:44,4971.54,Buy,495.08,medium
5,2025-04-07 12:23:44,4980.77,Buy,496.69,medium
6,2025-04-07 14:33:45,5064.62,Buy,505.34,high
7,2025-04-07 14:57:44,5046.15,Buy,503.71,medium
8,2025-04-07 15:16:44,5025.38,Buy,501.64,medium
1,2025-04-08 09:41:48,5209.82,Buy,518.65,low
2,2025-04-08 09:45:48,5219.69,Sell,520.335,high
3,2025-04-08 09:58:46,5240.0,Sell,523.0799,low
4,2025-04-08 10:49:50,5230.78,Buy,520.83,medium
5,2025-04-08 11:57:47,5228.26,Buy,516.68,medium
6,2025-04-08 12:16:47,5169.18,Buy,514.56,low
7,2025-04-08 12:23:50,5145.45,Buy,512.23,low
8,2025-04-08 12:52:48,5119.62,Buy,510.23,medium
9,2025-04-08 13:12:48,5064.93,Buy,504.32,low
10,2025-04-08 13:37:48,5062.66,Buy,503.76,medium
11,2025-04-08 14:13:48,5058.86,Buy,503.14,low
12,2025-04-08 15:08:49,5013.81,Buy,498.61,low
13,2025-04-08 15:48:48,4950.0,Buy,490.15,low
1,2025-04-09 09:56:47,5020.66,Sell,501.24,low
2,2025-04-09 10:15:47,4997.34,Buy,497.53,high
3,2025-04-09 10:52:48,4968.91,Buy,493.83,low
4,2025-04-09 11:44:48,4972.01,Buy,495.275,low
5,2025-04-09 12:51:47,5030.7,Sell,500.87,low
6,2025-04-09 13:03:48,5060.0,Sell,504.26,low
7,2025-04-09 13:22:47,5170.92,Sell,521.45,low
8,2025-04-09 13:56:47,5326.65,Sell,531.73,low
1,2025-04-10 09:39:04,5322.5,Buy,531.33,low
2,2025-04-10 09:54:04,5327.54,Sell,530.73,high
3,2025-04-10 11:17:06,5282.13,Buy,525.62,low
4,2025-04-10 12:02:04,5206.11,Buy,518.01,low
5,2025-04-10 13:15:07,5165.77,Buy,514.57,low
6,2025-04-10 14:17:07,5236.72,Buy,522.18,high
7,2025-04-10 14:54:05,5274.48,Buy,524.62,high
8,2025-04-10 15:45:10,5207.26,Buy,520.0575,medium
1,2025-04-11 09:49:41,5286.11,Sell,527.19,low
2,2025-04-11 10:13:37,5268.57,Buy,525.8406,high
3,2025-04-11 10:24:42,5234.5,Buy,522.0,low
4,2025-04-11 11:12:38,5253.77,Buy,522.8304,high
5,2025-04-11 12:41:38,5320.0,Sell,530.79,low
6,2025-04-11 12:57:38,5332.78,Sell,532.4312,low
7,2025-04-11 14:27:38,5336.97,Buy,532.24,high
8,2025-04-11 15:03:38,5355.45,Sell,533.97,low
9,2025-04-11 15:22:40,5364.12,Sell,535.11,low
1,2025-04-14 09:59:47,5425.71,Buy,540.47,medium
2,2025-04-14 10:51:46,5452.07,Sell,543.32,low
3,2025-04-14 11:07:46,5429.34,Buy,541.08,medium
4,2025-04-14 11:28:46,5410.0,Buy,538.78,low
5,2025-04-14 13:03:46,5427.27,Buy,535.96,medium
6,2025-04-14 15:13:46,5440.11,Sell,542.485,low
7,2025-04-14 15:57:46,5404.67,Buy,538.54,medium
1,2025-04-15 09:37:53,5418.62,Sell,540.6102,low
2,2025-04-15 09:44:52,5432.34,Sell,541.7759,low
3,2025-04-15 09:58:50,5434.88,Buy,541.93,high
4,2025-04-15 10:39:53,5418.22,Buy,539.9,medium
5,2025-04-15 11:28:51,5423.54,Buy,540.432,medium
6,2025-04-15 11:45:52,5423.54,Buy,540.7386,medium
7,2025-04-15 12:55:50,5413.13,Buy,538.8588,low
8,2025-04-15 13:10:51,5411.55,Buy,539.245,medium
9,2025-04-15 14:15:51,5410.54,Buy,536.82,medium
10,2025-04-15 15:02:51,5403.06,Buy,538.33,high
11,2025-04-15 15:49:52,5396.01,Buy,537.76,medium
1,2025-04-16 10:14:50,5324.61,Buy,530.15,medium
2,2025-04-16 11:29:49,5360.0,Sell,534.64,low
3,2025-04-16 12:40:46,5327.87,Buy,530.5401,low
4,2025-04-16 12:59:48,5326.88,Buy,530.89,low
5,2025-04-16 13:32:46,5310.0,Buy,529.25,low
6,2025-04-16 14:05:49,5274.48,Buy,525.635,medium
7,2025-04-16 14:39:48,5264.56,Buy,524.1356,low
8,2025-04-16 15:24:49,5240.0,Buy,520.7327,low
1,2025-04-17 09:56:47,5300.59,Sell,528.43,medium
2,2025-04-17 10:31:46,5261.59,Buy,524.98,low
3,2025-04-17 13:43:47,5285.88,Buy,528.19,high
4,2025-04-17 14:48:47,5310.38,Buy,530.03,high
5,2025-04-17 15:48:48,5285.85,Buy,526.8555,medium
1,2025-04-21 09:45:04,5210.66,Buy,519.36,low
2,2025-04-21 10:01:01,5191.41,Buy,516.88,low
3,2025-04-21 10:22:02,5172.35,Buy,515.3,low
4,2025-04-21 10:52:02,5170.0,Buy,514.71,low
5,2025-04-21 11:08:01,5162.69,Buy,514.17,low
6,2025-04-21 11:26:04,5154.93,Buy,513.36,low
7,2025-04-21 11:33:01,5144.28,Buy,512.475,low
8,2025-04-21 11:54:00,5140.0,Buy,511.16,low
9,2025-04-21 13:06:02,5122.28,Buy,510.16,low
10,2025-04-21 13:21:01,5122.6,Buy,510.42,low
11,2025-04-21 14:05:04,5109.03,Buy,508.68,low
12,2025-04-21 15:04:01,5115.21,Buy,509.68,high
1,2025-04-22 09:54:53,5226.8,Buy,521.25,high
2,2025-04-22 10:09:52,5242.48,Sell,523.0,low
3,2025-04-22 11:09:54,5266.97,Sell,525.275,low
4,2025-04-22 11:59:51,5266.99,Sell,526.17,low
5,2025-04-22 12:04:52,5280.0,Sell,527.36,low
6,2025-04-22 12:31:50,5300.0,Sell,528.79,low
7,2025-04-22 13:13:50,5275.87,Buy,525.81,high
8,2025-04-22 13:17:50,5257.73,Buy,524.54,medium
9,2025-04-22 13:33:50,5245.58,Buy,522.44,medium
10,2025-04-22 15:18:50,5245.58,Buy,524.9584,medium
11,2025-04-22 15:58:50,5289.12,Sell,527.36,low
1,2025-04-23 10:05:01,5443.74,Buy,542.87,low
2,2025-04-23 10:25:01,5443.37,Buy,543.29,high
3,2025-04-23 11:05:02,5439.48,Buy,542.62,medium
4,2025-04-23 11:20:01,5430.92,Buy,540.99,low
5,2025-04-23 11:51:01,5382.83,Buy,536.38,low
6,2025-04-23 12:17:01,5380.0,Buy,535.66,low
7,2025-04-23 13:01:02,5385.0,Buy,537.75,medium
8,2025-04-23 13:36:03,5394.96,Buy,537.37,medium
9,2025-04-23 14:09:01,5394.35,Buy,537.92,high
10,2025-04-23 15:22:02,5368.74,Buy,534.63,low
1,2025-04-24 09:50:01,5396.77,Sell,538.27,low
2,2025-04-24 10:11:59,5414.37,Sell,539.715,low
3,2025-04-24 10:23:59,5427.87,Sell,541.375,low
4,2025-04-24 10:36:58,5440.0,Sell,542.91,low
5,2025-04-24 11:07:00,5445.77,Sell,542.7701,low
6,2025-04-24 11:22:58,5447.63,Sell,543.17,low
7,2025-04-24 11:54:00,5447.78,Sell,543.69,low
8,2025-04-24 12:15:59,5448.81,Sell,543.7,low
9,2025-04-24 12:46:00,5460.0,Sell,544.77,low
10,2025-04-24 14:05:59,5470.02,Sell,545.85,low
11,2025-04-24 14:31:01,5469.66,Sell,546.03,low
12,2025-04-24 14:42:59,5476.61,Sell,546.38,low
13,2025-04-24 15:44:00,5477.73,Sell,546.39,low
14,2025-04-24 15:58:58,5480.0,Sell,546.92,low
1,2025-04-25 09:41:49,5492.42,Sell,547.415,low
2,2025-04-25 11:22:50,5489.46,Sell,547.3119,low
3,2025-04-25 11:44:55,5477.17,Buy,545.9,high
4,2025-04-25 12:12:49,5490.88,Sell,547.63,low
5,2025-04-25 12:24:53,5489.94,Sell,548.43,low
6,2025-04-25 13:02:50,5508.49,Sell,549.04,low
7,2025-04-25 13:19:52,5517.98,Sell,550.25,low
8,2025-04-25 13:37:50,5524.4,Sell,550.59,low
9,2025-04-25 13:46:50,5503.2,Buy,548.58,high
10,2025-04-25 14:36:51,5517.87,Sell,550.24,low
11,2025-04-25 15:31:51,5511.2,Buy,549.35,high
12,2025-04-25 15:54:53,5523.47,Sell,550.61,low
1,2025-04-28 09:52:53,5538.92,Buy,552.26,high
2,2025-04-28 10:09:56,5528.0,Buy,551.0652,high
3,2025-04-28 10:55:52,5526.85,Buy,550.935,high
4,2025-04-28 11:10:53,5515.36,Buy,549.13,low
5,2025-04-28 11:23:53,5500.6,Buy,548.2412,low
6,2025-04-28 11:40:53,5499.84,Buy,548.43,medium
7,2025-04-28 12:38:54,5483.29,Buy,546.47,low
8,2025-04-28 13:31:53,5480.0,Buy,545.13,medium
1,2025-04-29 09:37:30,5514.5,Buy,549.38,low
2,2025-04-29 09:43:29,5516.18,Sell,550.15,low
3,2025-04-29 09:54:30,5527.25,Sell,550.805,low
4,2025-04-29 10:23:30,5522.23,Buy,550.22,medium
5,2025-04-29 10:55:35,5542.85,Sell,552.81,low
6,2025-04-29 11:34:30,5543.18,Sell,551.31,low
7,2025-04-29 11:44:30,5542.35,Sell,552.71,low
8,2025-04-29 12:17:30,5548.35,Sell,552.99,low
9,2025-04-29 12:39:30,5540.11,Buy,552.37,high
10,2025-04-29 12:50:40,5531.27,Buy,551.6099,medium
11,2025-04-29 13:46:30,5550.0,Sell,553.925,low
12,2025-04-29 14:06:31,5569.44,Sell,555.23,low
13,2025-04-29 15:50:36,5565.85,Sell,554.9574,low
1,2025-04-30 09:51:24,5454.72,Buy,543.29,low
2,2025-04-30 11:08:22,5495.91,Sell,548.2401,low
3,2025-04-30 11:31:23,5505.86,Sell,549.12,low
4,2025-04-30 12:26:23,5495.67,Buy,548.375,high
5,2025-04-30 12:51:23,5507.75,Sell,549.42,low
6,2025-04-30 13:14:23,5489.94,Buy,547.92,high
7,2025-04-30 15:48:23,5490.71,Buy,552.7501,high
8,2025-04-30 15:53:23,5560.0,Sell,554.91,low
1,2025-05-01 09:39:50,5615.64,Buy,559.6125,low
2,2025-05-01 10:36:48,5635.0,Sell,562.21,low
3,2025-05-01 10:57:47,5648.04,Sell,563.16,low
4,2025-05-01 11:14:51,5650.0,Sell,563.47,low
5,2025-05-01 11:57:49,5620.4,Buy,560.0925,low
6,2025-05-01 12:24:50,5616.38,Buy,559.445,low
7,2025-05-01 13:42:49,5623.93,Buy,560.26,low
8,2025-05-01 15:53:48,5625.45,Buy,560.94,medium
9,2025-05-01 15:58:47,5610.0,Buy,558.52,low
1,2025-05-02 09:48:06,5660.86,Buy,563.83,low
2,2025-05-02 10:31:06,5677.5,Sell,565.52,low
3,2025-05-02 11:00:12,5672.56,Sell,565.9599,low
4,2025-05-02 11:45:10,5675.06,Sell,565.9,low
5,2025-05-02 12:04:05,5675.66,Sell,567.6099,low
6,2025-05-02 12:21:06,5690.0,Sell,567.78,low
7,2025-05-02 12:42:06,5690.0,Sell,567.77,low
8,2025-05-02 12:45:12,5696.12,Sell,567.77,low
9,2025-05-02 13:04:07,5692.84,Sell,567.46,low
10,2025-05-02 13:17:07,5684.1,Buy,566.62,high
11,2025-05-02 14:22:07,5691.85,Sell,567.75,low
12,2025-05-02 14:39:07,5698.24,Sell,568.11,low
13,2025-05-02 14:52:10,5698.23,Sell,566.87,low
14,2025-05-02 15:27:07,5693.56,Sell,567.76,low
1,2025-05-05 09:40:07,5645.78,Buy,562.125,low
2,2025-05-05 10:43:47,5659.62,Sell,564.36,low
3,2025-05-05 11:01:47,5666.51,Sell,565.16,low
4,2025-05-05 11:29:52,5664.64,Sell,564.8049,low
5,2025-05-05 11:30:48,5666.51,Sell,564.99,low
6,2025-05-05 12:07:48,5672.26,Sell,565.51,low
7,2025-05-05 12:30:47,5672.96,Sell,565.57,medium
8,2025-05-05 13:00:48,5672.47,Sell,565.35,low
9,2025-05-05 13:17:48,5669.33,Sell,565.29,low
10,2025-05-05 14:09:52,5677.86,Sell,566.105,low
11,2025-05-05 14:42:48,5680.0,Sell,566.42,low
12,2025-05-05 15:02:48,5680.0,Sell,565.58,low
13,2025-05-05 15:27:49,5664.23,Buy,564.95,high
14,2025-05-05 15:47:49,5657.46,Buy,564.35,medium
1,2025-05-06 09:42:39,5610.0,Sell,559.33,low
2,2025-05-06 09:50:38,5595.15,Buy,557.63,low
3,2025-05-06 10:19:44,5613.67,Sell,559.93,low
4,2025-05-06 10:47:38,5627.87,Sell,561.1115,low
5,2025-05-06 11:07:37,5629.11,Sell,560.9707,low
6,2025-05-06 11:44:43,5623.2,Buy,560.745,high
7,2025-05-06 12:24:41,5621.76,Buy,560.4601,high
8,2025-05-06 13:42:39,5606.09,Buy,558.83,medium
9,2025-05-06 15:51:39,5618.54,Buy,560.11,high
1,2025-05-07 10:03:03,5631.26,Sell,561.4051,low
2,2025-05-07 10:29:02,5634.7,Sell,561.82,low
3,2025-05-07 10:47:02,5632.85,Sell,561.43,low
4,2025-05-07 10:55:08,5615.0,Buy,559.19,low
5,2025-05-07 12:26:01,5612.86,Buy,559.52,medium
6,2025-05-07 13:15:08,5633.67,Sell,561.5749,low
7,2025-05-07 13:38:02,5620.41,Buy,560.47,medium
8,2025-05-07 14:52:03,5597.83,Buy,557.65,medium
9,2025-05-07 15:29:02,5598.15,Buy,557.87,medium
10,2025-05-07 15:44:03,5649.46,Sell,561.96,low
1,2025-05-08 09:37:47,5666.23,Buy,565.05,low
2,2025-05-08 09:42:47,5667.65,Sell,564.58,low
3,2025-05-08 09:58:48,5662.59,Buy,564.01,high
4,2025-05-08 10:54:52,5645.0,Buy,562.74,low
5,2025-05-08 11:25:49,5675.0,Sell,566.25,low
6,2025-05-08 11:44:52,5706.87,Sell,569.04,low
7,2025-05-08 12:08:48,5705.13,Sell,568.95,low
8,2025-05-08 12:25:48,5707.3,Sell,569.28,low
9,2025-05-08 13:04:51,5712.71,Sell,569.62,low
10,2025-05-08 13:59:52,5693.64,Buy,567.6899,high
11,2025-05-08 15:02:50,5693.64,Buy,567.89,high
12,2025-05-08 15:22:50,5706.05,Sell,569.18,low
13,2025-05-08 15:53:48,5673.8,Buy,565.72,medium
1,2025-05-09 09:55:52,5682.57,Buy,566.59,high
2,2025-05-09 10:20:49,5672.5,Buy,565.61,low
3,2025-05-09 10:42:49,5650.0,Buy,563.92,low
4,2025-05-09 11:21:50,5650.0,Buy,564.43,low
5,2025-05-09 12:49:53,5650.76,Buy,563.35,low
6,2025-05-09 13:07:49,5651.35,Buy,563.3912,low
7,2025-05-09 14:19:53,5660.82,Buy,564.43,medium
8,2025-05-09 15:55:50,5661.42,Buy,564.29,high
1,2025-05-12 09:48:49,5803.78,Buy,578.73,low
2,2025-05-12 10:29:56,5795.81,Buy,578.26,low
3,2025-05-12 11:11:49,5807.08,Buy,579.21,high
4,2025-05-12 11:53:48,5797.92,Buy,578.25,medium
5,2025-05-12 12:39:55,5812.89,Sell,579.74,low
6,2025-05-12 13:10:49,5836.92,Sell,581.94,low
7,2025-05-12 13:32:53,5832.52,Sell,581.59,low
8,2025-05-12 14:20:49,5835.33,Sell,582.13,low
9,2025-05-12 14:35:49,5836.07,Sell,582.03,low
10,2025-05-12 14:51:52,5833.74,Sell,581.66,low
11,2025-05-12 15:01:51,5827.96,Buy,581.37,high
12,2025-05-12 15:21:49,5833.35,Sell,581.84,low
13,2025-05-12 15:56:55,5833.26,Sell,581.89,low
1,2025-05-13 09:41:50,5860.91,Sell,584.5275,low
2,2025-05-13 10:03:52,5870.0,Sell,585.6599,low
3,2025-05-13 10:28:51,5888.89,Sell,587.11,low
4,2025-05-13 11:03:54,5886.5,Sell,587.14,low
5,2025-05-13 11:25:56,5889.66,Sell,587.84,low
6,2025-05-13 11:37:51,5890.0,Sell,588.03,low
7,2025-05-13 12:09:56,5886.34,Buy,587.195,high
8,2025-05-13 12:39:51,5894.16,Sell,588.005,low
9,2025-05-13 12:56:52,5896.34,Sell,588.15,low
10,2025-05-13 13:23:51,5897.43,Sell,588.29,low
11,2025-05-13 14:57:53,5897.23,Sell,588.55,low
12,2025-05-13 15:37:54,5900.0,Sell,589.01,low
13,2025-05-13 15:52:51,5892.0,Buy,587.6476,high
1,2025-05-14 09:39:53,5901.98,Buy,588.3,low
2,2025-05-14 09:49:52,5885.0,Buy,586.97,low
3,2025-05-14 10:06:46,5885.32,Buy,587.465,low
4,2025-05-14 11:06:46,5876.13,Buy,585.9999,low
5,2025-05-14 12:07:51,5899.16,Sell,588.1699,low
6,2025-05-14 13:16:47,5884.41,Buy,586.55,medium
7,2025-05-14 13:23:47,5875.0,Buy,585.865,low
8,2025-05-14 14:29:52,5884.67,Buy,586.86,medium
9,2025-05-14 15:22:47,5886.39,Buy,587.0499,medium
1,2025-05-15 09:45:47,5876.46,Sell,586.02,low
2,2025-05-15 09:50:49,5868.26,Buy,585.28,low
3,2025-05-15 10:02:48,5882.5,Sell,586.67,low
4,2025-05-15 10:26:50,5880.34,Sell,586.32,low
5,2025-05-15 10:58:48,5879.71,Sell,586.59,low
6,2025-05-15 11:31:51,5896.21,Sell,588.15,low
7,2025-05-15 11:45:48,5907.06,Sell,589.31,low
8,2025-05-15 12:09:54,5910.0,Sell,589.8851,low
9,2025-05-15 13:01:49,5910.0,Sell,590.08,low
10,2025-05-15 13:31:49,5917.97,Sell,590.345,medium
11,2025-05-15 13:53:48,5916.48,Sell,590.15,low
12,2025-05-15 14:15:48,5916.48,Sell,589.32,low
13,2025-05-15 15:09:53,5904.86,Buy,589.48,high
14,2025-05-15 15:27:48,5899.32,Buy,588.95,high
1,2025-05-16 09:41:48,5919.58,Buy,590.18,low
2,2025-05-16 10:34:54,5918.63,Buy,590.513,low
3,2025-05-16 10:54:53,5917.1,Buy,590.55,high
4,2025-05-16 11:29:54,5923.18,Sell,590.9,low
5,2025-05-16 11:31:50,5927.05,Sell,591.21,low
6,2025-05-16 11:59:52,5924.46,Buy,591.045,high
7,2025-05-16 12:03:48,5929.24,Sell,591.43,low
8,2025-05-16 12:16:49,5934.31,Sell,592.2401,low
9,2025-05-16 12:43:49,5934.95,Sell,592.055,low
10,2025-05-16 13:01:48,5935.0,Sell,592.31,low
11,2025-05-16 13:18:49,5944.54,Sell,593.15,low
12,2025-05-16 13:59:54,5941.5,Sell,592.82,low
13,2025-05-16 14:21:50,5944.37,Sell,593.1707,low
14,2025-05-16 14:41:50,5949.85,Sell,593.6,low
15,2025-05-16 15:08:49,5950.0,Sell,594.075,low
16,2025-05-16 15:29:56,5950.0,Sell,593.855,low
17,2025-05-16 15:48:49,5950.0,Sell,594.13,low
1,2025-05-19 09:38:29,5909.43,Sell,589.78,low
2,2025-05-19 09:50:33,5923.3,Sell,590.975,low
3,2025-05-19 10:15:36,5937.64,Sell,592.6593,low
4,2025-05-19 11:39:28,5940.0,Sell,593.18,low
5,2025-05-19 12:04:29,5944.24,Sell,593.34,low
6,2025-05-19 12:30:29,5950.0,Sell,593.8601,low
7,2025-05-19 12:46:37,5948.51,Sell,593.72,low
8,2025-05-19 12:47:28,5950.0,Sell,593.91,low
9,2025-05-19 12:51:37,5950.0,Sell,594.18,low
10,2025-05-19 12:54:28,5956.03,Sell,594.329,low
11,2025-05-19 13:21:35,5961.9,Sell,595.1403,low
12,2025-05-19 14:19:29,5946.58,Buy,593.58,high
13,2025-05-19 15:16:34,5949.75,Buy,593.805,high
14,2025-05-19 15:49:28,5954.05,Sell,594.31,low
1,2025-05-20 09:37:45,5944.67,Buy,593.09,low
2,2025-05-20 09:53:47,5943.62,Buy,593.42,high
3,2025-05-20 09:59:49,5939.95,Buy,592.84,low
4,2025-05-20 10:35:46,5942.95,Sell,593.143,low
5,2025-05-20 11:02:47,5941.2,Buy,593.0,medium
6,2025-05-20 11:30:47,5941.2,Buy,593.5,medium
7,2025-05-20 11:45:45,5939.53,Buy,592.655,medium
8,2025-05-20 12:17:47,5938.83,Buy,592.5899,low
9,2025-05-20 12:59:56,5946.87,Sell,593.38,low
10,2025-05-20 13:34:52,5942.09,Buy,592.98,medium
11,2025-05-20 14:21:47,5935.39,Buy,591.58,low
12,2025-05-20 14:29:49,5934.67,Buy,590.81,low
13,2025-05-20 14:56:47,5923.82,Buy,591.0,low
1,2025-05-21 09:53:47,5915.19,Sell,590.12,low
2,2025-05-21 10:13:48,5912.06,Buy,590.05,high
3,2025-05-21 10:32:47,5911.11,Buy,589.49,medium
4,2025-05-21 11:05:47,5920.18,Sell,590.7001,low
5,2025-05-21 11:31:47,5929.6,Sell,591.54,low
6,2025-05-21 11:47:47,5927.93,Sell,591.52,low
7,2025-05-21 12:09:52,5933.55,Sell,592.14,low
8,2025-05-21 12:39:55,5932.15,Sell,591.92,low
9,2025-05-21 13:02:47,5932.06,Sell,591.13,low
10,2025-05-21 13:18:48,5900.0,Buy,587.89,low
11,2025-05-21 13:58:47,5871.02,Buy,585.94,high
12,2025-05-21 15:33:48,5847.75,Buy,583.57,high
1,2025-05-22 09:38:47,5833.64,Buy,582.03,high
2,2025-05-22 10:22:47,5846.03,Buy,583.18,high
3,2025-05-22 10:56:46,5831.03,Buy,581.82,low
4,2025-05-22 11:31:47,5841.96,Buy,582.93,high
5,2025-05-22 12:46:47,5851.56,Buy,583.93,high
6,2025-05-22 13:03:49,5842.26,Buy,582.89,medium
7,2025-05-22 13:50:47,5862.05,Sell,585.08,low
8,2025-05-22 14:13:49,5864.84,Sell,585.51,low
9,2025-05-22 14:26:47,5869.59,Sell,585.69,low
10,2025-05-22 15:06:47,5870.0,Sell,586.13,low
11,2025-05-22 15:31:49,5875.27,Sell,586.37,low
12,2025-05-22 15:46:47,5857.37,Buy,584.655,high
1,2025-05-23 09:43:34,5781.76,Buy,576.57,high
2,2025-05-23 09:56:33,5778.76,Sell,576.66,high
3,2025-05-23 10:14:38,5794.41,Sell,578.29,low
4,2025-05-23 10:33:33,5791.76,Sell,578.28,low
5,2025-05-23 11:06:36,5784.36,Buy,576.88,medium
6,2025-05-23 11:26:34,5795.54,Sell,578.39,low
7,2025-05-23 11:50:36,5801.88,Sell,578.75,low
8,2025-05-23 12:14:37,5790.81,Buy,578.1,high
9,2025-05-23 12:55:35,5805.0,Sell,579.3328,low
10,2025-05-23 13:13:34,5809.32,Sell,580.01,low
11,2025-05-23 13:27:34,5818.35,Sell,580.87,low
12,2025-05-23 13:57:34,5816.69,Sell,580.745,low
13,2025-05-23 15:02:35,5817.37,Sell,580.22,low
14,2025-05-23 15:52:34,5804.12,Buy,579.375,high
1,2025-05-27 09:51:52,5871.66,Sell,586.06,low
2,2025-05-27 10:19:58,5885.0,Sell,587.67,low
3,2025-05-27 10:36:52,5891.36,Sell,587.7299,low
4,2025-05-27 10:56:52,5893.15,Sell,588.17,low
5,2025-05-27 11:26:54,5895.0,Sell,588.66,low
6,2025-05-27 11:57:52,5899.33,Sell,588.91,low
7,2025-05-27 12:03:53,5900.0,Sell,589.35,low
8,2025-05-27 12:20:00,5900.0,Sell,589.385,low
9,2025-05-27 12:35:55,5900.0,Sell,589.595,low
10,2025-05-27 12:38:52,5905.58,Sell,589.9,low
11,2025-05-27 12:40:53,5910.0,Sell,590.5301,low
12,2025-05-27 13:01:57,5910.67,Sell,590.12,low
13,2025-05-27 13:06:54,5912.36,Sell,590.2,low
14,2025-05-27 13:10:52,5910.67,Sell,589.96,medium
15,2025-05-27 13:21:54,5910.67,Sell,590.38,high
16,2025-05-27 13:39:57,5911.35,Sell,590.15,low
17,2025-05-27 13:45:53,5911.35,Sell,590.4,low
18,2025-05-27 13:57:52,5917.55,Sell,590.93,low
19,2025-05-27 14:30:53,5916.52,Sell,590.85,low
20,2025-05-27 14:51:53,5917.02,Sell,590.65,low
21,2025-05-27 15:44:57,5915.28,Sell,590.41,low
1,2025-05-28 09:37:47,5931.79,Buy,592.07,low
2,2025-05-28 09:55:48,5923.73,Buy,591.06,low
3,2025-05-28 10:10:47,5920.0,Buy,590.625,medium
4,2025-05-28 10:30:52,5915.1,Buy,590.0899,low
5,2025-05-28 10:39:52,5914.86,Buy,589.69,medium
6,2025-05-28 11:13:47,5908.44,Buy,589.58,low
7,2025-05-28 11:36:47,5905.46,Buy,589.11,low
8,2025-05-28 11:58:47,5906.16,Buy,589.145,low
9,2025-05-28 12:24:52,5908.98,Buy,589.6691,low
10,2025-05-28 13:28:49,5914.06,Buy,590.22,high
11,2025-05-28 13:42:48,5913.99,Buy,589.49,high
12,2025-05-28 14:22:48,5911.66,Buy,589.905,high
13,2025-05-28 14:52:48,5900.0,Buy,589.12,low
14,2025-05-28 15:29:55,5908.37,Buy,589.515,medium
15,2025-05-28 15:51:48,5908.33,Buy,588.07,medium
1,2025-05-29 10:12:47,5933.92,Buy,589.0,low
2,2025-05-29 11:23:48,5913.7,Buy,590.1,high
3,2025-05-29 11:33:49,5907.19,Buy,589.24,low
4,2025-05-29 13:30:48,5905.05,Buy,589.525,medium
5,2025-05-29 13:49:54,5899.44,Buy,588.65,medium
6,2025-05-29 14:20:48,5891.99,Buy,587.979,low
7,2025-05-29 14:59:54,5897.49,Buy,588.7901,high
1,2025-05-30 09:41:59,5889.21,Buy,587.85,low
2,2025-05-30 09:58:00,5883.47,Buy,587.505,high
3,2025-05-30 10:06:02,5895.0,Sell,588.53,low
4,2025-05-30 10:47:00,5899.53,Buy,589.2401,high
5,2025-05-30 11:21:01,5893.73,Buy,588.32,high
6,2025-05-30 12:24:00,5879.48,Buy,586.86,low
7,2025-05-30 12:31:00,5860.0,Buy,584.31,medium
8,2025-05-30 12:46:04,5857.95,Buy,584.51,medium
9,2025-05-30 12:54:00,5853.13,Buy,583.85,low
10,2025-05-30 15:04:01,5901.57,Sell,589.391,low
11,2025-05-30 15:57:01,5902.15,Sell,590.825,low
1,2025-06-02 09:51:50,5890.98,Buy,587.463,low
2,2025-06-02 10:59:56,5901.69,Sell,589.33,low
3,2025-06-02 11:36:51,5894.36,Buy,588.5,high
4,2025-06-02 11:51:50,5907.43,Sell,589.61,low
5,2025-06-02 12:11:51,5905.56,Sell,589.65,low
6,2025-06-02 12:27:51,5905.56,Sell,589.11,low
7,2025-06-02 12:58:49,5909.04,Sell,589.962,low
8,2025-06-02 13:28:51,5908.57,Sell,589.805,low
9,2025-06-02 13:57:52,5908.95,Sell,590.085,low
10,2025-06-02 14:16:53,5916.12,Sell,590.8,low
11,2025-06-02 14:48:50,5925.06,Sell,591.5419,low
12,2025-06-02 15:01:52,5928.4,Sell,591.92,medium
13,2025-06-02 15:25:50,5930.0,Sell,592.34,low
14,2025-06-02 15:59:55,5930.0,Sell,592.65,low
1,2025-06-03 09:40:55,5933.61,Buy,592.48,low
2,2025-06-03 09:55:00,5936.51,Sell,592.49,low
3,2025-06-03 11:05:04,5955.0,Sell,594.77,low
4,2025-06-03 11:20:56,5956.82,Sell,594.8501,low
5,2025-06-03 12:16:56,5957.28,Sell,595.92,low
6,2025-06-03 12:56:56,5970.0,Sell,596.55,low
7,2025-06-03 13:46:56,5976.64,Sell,596.6799,low
8,2025-06-03 14:02:56,5976.64,Sell,595.345,low
9,2025-06-03 15:12:56,5976.64,Sell,596.16,low
10,2025-06-03 15:32:56,5972.32,Sell,596.3,low
11,2025-06-03 15:50:57,5963.01,Buy,595.7699,high
12,2025-06-03 15:56:56,5971.75,Sell,596.25,medium
1,2025-06-04 09:42:50,5988.77,Buy,597.78,low
2,2025-06-04 09:50:50,5987.74,Buy,597.7,low
3,2025-06-04 09:52:55,5983.41,Buy,597.63,low
4,2025-06-04 11:04:54,5986.35,Sell,597.53,low
5,2025-06-04 11:30:50,5979.46,Buy,596.815,high
6,2025-06-04 12:38:49,5972.65,Buy,596.15,low
7,2025-06-04 12:40:51,5982.99,Sell,596.39,low
8,2025-06-04 13:45:00,5984.19,Sell,597.42,low
9,2025-06-04 14:02:50,5987.6,Sell,597.7,low
10,2025-06-04 14:20:50,5985.59,Sell,597.71,low
11,2025-06-04 14:40:51,5984.43,Sell,597.32,low
12,2025-06-04 14:50:50,5985.59,Sell,596.96,low
13,2025-06-04 15:42:51,5977.01,Buy,596.61,high
14,2025-06-04 15:52:52,5972.12,Buy,596.36,low
1,2025-06-05 11:02:17,5983.99,Sell,597.5236,low
2,2025-06-05 11:18:19,5990.0,Sell,598.37,low
3,2025-06-05 11:56:17,5990.0,Sell,598.76,low
4,2025-06-05 11:58:17,5997.26,Sell,598.76,low
5,2025-06-05 12:18:17,5982.16,Buy,597.6199,high
6,2025-06-05 12:54:17,5961.28,Buy,595.26,low
7,2025-06-05 14:04:19,5963.31,Buy,595.18,low
8,2025-06-05 14:18:17,5950.0,Buy,594.0,low
9,2025-06-05 15:14:18,5963.26,Buy,593.8,low
10,2025-06-05 15:18:18,5931.2,Buy,591.74,low
11,2025-06-05 15:54:18,5938.67,Buy,592.65,medium
1,2025-06-06 09:42:49,6010.0,Sell,600.265,low
2,2025-06-06 10:32:48,5997.5,Buy,599.059,low
3,2025-06-06 11:08:49,6011.39,Sell,600.15,low
4,2025-06-06 11:20:51,5990.0,Buy,597.76,low
5,2025-06-06 11:42:49,5993.43,Buy,598.37,low
6,2025-06-06 12:28:50,5995.64,Buy,598.6,medium
7,2025-06-06 12:45:49,5990.0,Buy,597.775,low
8,2025-06-06 13:13:51,5985.95,Buy,597.605,low
9,2025-06-06 14:35:50,6010.53,Sell,600.26,low
10,2025-06-06 15:21:49,6010.53,Sell,599.34,low
1,2025-06-09 09:45:51,6002.02,Buy,599.23,high
2,2025-06-09 10:12:50,6004.54,Sell,599.6,low
3,2025-06-09 11:26:52,6002.7,Buy,599.22,high
4,2025-06-09 11:58:51,6007.96,Sell,599.83,low
5,2025-06-09 12:16:52,6005.98,Sell,599.7,low
6,2025-06-09 12:24:56,6008.65,Sell,599.97,low
7,2025-06-09 13:10:51,6016.66,Sell,600.84,low
8,2025-06-09 13:46:52,6018.22,Sell,600.95,low
9,2025-06-09 14:08:51,6016.61,Sell,600.83,low
10,2025-06-09 14:14:59,6018.14,Sell,601.045,low
11,2025-06-09 14:30:52,6018.23,Sell,601.15,low
12,2025-06-09 14:40:52,6013.49,Buy,600.5299,high
13,2025-06-09 14:54:54,6017.37,Sell,600.87,low
14,2025-06-09 15:22:54,6017.37,Sell,600.44,low
15,2025-06-09 15:46:52,6013.25,Buy,600.08,high
1,2025-06-10 10:08:49,6016.22,Buy,600.7,low
2,2025-06-10 10:10:49,6016.71,Sell,600.9421,low
3,2025-06-10 10:44:53,6024.0,Sell,601.54,low
4,2025-06-10 11:06:49,6022.85,Sell,601.45,low
5,2025-06-10 11:32:49,6016.85,Buy,600.11,low
6,2025-06-10 11:34:55,6016.67,Buy,600.04,low
7,2025-06-10 12:24:55,6024.93,Sell,601.75,low
8,2025-06-10 12:36:49,6024.92,Sell,601.935,low
9,2025-06-10 13:12:49,6033.02,Sell,602.43,low
10,2025-06-10 13:32:50,6026.93,Buy,601.87,high
11,2025-06-10 14:02:50,6014.22,Buy,600.91,low
12,2025-06-10 14:58:49,6032.89,Sell,602.6,low
13,2025-06-10 15:44:53,6028.85,Buy,602.08,high
14,2025-06-10 15:58:50,6037.81,Sell,602.905,low
1,2025-06-11 09:49:55,6035.71,Buy,603.08,low
2,2025-06-11 10:51:50,6055.0,Sell,604.801,low
3,2025-06-11 11:09:54,6055.5,Sell,603.74,low
4,2025-06-11 11:49:55,6042.66,Buy,603.6601,medium
5,2025-06-11 13:45:50,6045.0,Buy,603.58,medium
6,2025-06-11 14:03:51,6042.21,Buy,601.17,medium
7,2025-06-11 14:21:49,6016.04,Buy,600.45,high
8,2025-06-11 14:57:50,6017.54,Buy,601.15,high
9,2025-06-11 15:33:50,6012.3,Buy,600.03,low
1,2025-06-12 09:46:18,6014.32,Sell,600.55,low
2,2025-06-12 10:26:17,6029.51,Sell,602.43,low
3,2025-06-12 10:47:17,6038.3,Sell,603.09,low
4,2025-06-12 11:04:17,6040.0,Sell,603.49,low
5,2025-06-12 12:12:17,6036.93,Sell,602.93,low
6,2025-06-12 12:36:18,6037.71,Sell,603.09,low
7,2025-06-12 13:10:24,6038.63,Sell,603.27,low
8,2025-06-12 13:32:18,6041.32,Sell,603.39,low
9,2025-06-12 13:50:56,6040.04,Sell,603.29,low
10,2025-06-12 14:58:19,6040.32,Sell,603.215,low
11,2025-06-12 15:27:18,6040.2,Sell,603.16,low
12,2025-06-12 15:45:20,6035.18,Buy,602.73,high
13,2025-06-12 15:55:22,6037.69,Sell,603.015,low
1,2025-06-13 09:56:52,5994.99,Buy,598.49,low
2,2025-06-13 10:12:50,5986.17,Buy,597.65,low
3,2025-06-13 11:22:52,6006.68,Sell,600.57,low
4,2025-06-13 11:40:50,6012.03,Sell,600.42,low
5,2025-06-13 11:54:54,6020.0,Sell,601.6409,low
6,2025-06-13 12:40:51,6012.86,Buy,600.775,high
7,2025-06-13 13:12:51,6005.35,Buy,600.15,high
8,2025-06-13 14:08:51,5996.38,Buy,598.72,medium
9,2025-06-13 14:44:54,5970.45,Buy,596.18,low
10,2025-06-13 15:56:50,5972.3,Buy,596.18,high
1,2025-06-16 09:42:33,6021.07,Buy,601.435,low
2,2025-06-16 09:48:34,6020.67,Sell,601.53,low
3,2025-06-16 10:04:33,6038.59,Sell,603.435,low
4,2025-06-16 11:04:33,6042.67,Buy,603.76,high
5,2025-06-16 11:58:35,6036.99,Buy,603.16,high
6,2025-06-16 12:44:35,6033.44,Buy,602.61,medium
7,2025-06-16 13:14:33,6032.04,Buy,602.43,medium
8,2025-06-16 14:37:35,6029.53,Buy,602.28,medium
9,2025-06-16 15:11:34,6025.25,Buy,601.86,low
10,2025-06-16 15:51:34,6027.76,Buy,602.18,high
1,2025-06-17 10:08:31,6015.6,Sell,600.935,low
2,2025-06-17 11:18:33,6017.4,Sell,601.2204,low
3,2025-06-17 11:28:32,6013.61,Buy,600.5724,high
4,2025-06-17 12:02:32,6017.83,Sell,601.11,low
5,2025-06-17 12:20:33,6021.22,Sell,601.47,low
6,2025-06-17 12:46:32,6015.26,Buy,601.04,high
7,2025-06-17 13:28:33,6000.0,Buy,599.08,low
8,2025-06-17 14:10:33,5987.62,Buy,598.1,high
9,2025-06-17 14:48:32,5980.88,Buy,597.37,low
10,2025-06-17 15:42:32,5985.49,Buy,597.67,low
1,2025-06-18 09:40:52,5987.78,Buy,598.03,low
2,2025-06-18 10:34:55,6015.0,Sell,601.12,low
3,2025-06-18 11:16:54,6008.6,Buy,600.38,high
4,2025-06-18 12:36:51,5989.0,Buy,599.59,low
5,2025-06-18 13:14:56,5999.93,Buy,599.45,medium
6,2025-06-18 14:36:51,5998.13,Buy,599.42,high
7,2025-06-18 14:52:51,5997.27,Buy,598.945,medium
8,2025-06-18 15:56:50,5997.23,Buy,597.68,medium
1,2025-06-20 09:44:52,6017.46,Sell,599.3393,low
2,2025-06-20 10:26:48,5980.0,Buy,595.59,low
3,2025-06-20 10:42:49,5980.0,Buy,595.02,low
4,2025-06-20 11:02:49,5963.92,Buy,593.83,low
5,2025-06-20 13:04:55,5977.45,Buy,595.06,high
6,2025-06-20 13:26:49,5968.4,Buy,594.2804,low
7,2025-06-20 13:54:55,5963.47,Buy,593.72,high
8,2025-06-20 14:57:49,5962.63,Buy,593.61,low
9,2025-06-20 15:43:51,5962.28,Buy,593.62,high
1,2025-06-23 09:40:59,5977.5,Sell,595.47,low
2,2025-06-23 09:59:00,5984.67,Sell,596.65,low
3,2025-06-23 10:12:59,5994.68,Sell,597.43,low
4,2025-06-23 11:17:00,5997.52,Sell,597.48,low
5,2025-06-23 12:13:06,5980.85,Buy,595.91,high
6,2025-06-23 12:23:02,5975.47,Buy,595.125,medium
7,2025-06-23 13:29:07,5996.54,Sell,597.71,low
8,2025-06-23 14:17:05,6010.0,Sell,598.68,low
9,2025-06-23 15:03:03,6015.1,Sell,599.13,low
10,2025-06-23 15:37:04,6014.48,Sell,599.16,low
11,2025-06-23 15:53:04,6018.83,Sell,600.18,low
1,2025-06-24 09:40:50,6073.58,Sell,605.065,low
2,2025-06-24 09:54:56,6070.24,Buy,604.499,low
3,2025-06-24 10:58:51,6074.67,Sell,605.165,low
4,2025-06-24 11:04:57,6077.84,Sell,605.3,low
5,2025-06-24 11:24:55,6080.0,Sell,605.65,low
6,2025-06-24 11:46:50,6084.11,Sell,605.97,low
7,2025-06-24 12:28:50,6085.0,Sell,606.535,low
8,2025-06-24 12:56:52,6089.64,Sell,606.52,low
9,2025-06-24 13:28:51,6088.33,Sell,606.42,low
10,2025-06-24 13:50:51,6093.57,Sell,607.035,low
11,2025-06-24 14:10:51,6095.0,Sell,607.17,low
12,2025-06-24 14:38:51,6095.0,Sell,607.225,low
13,2025-06-24 15:02:52,6095.0,Sell,607.54,low
14,2025-06-24 15:20:53,6097.74,Sell,607.6087,low
15,2025-06-24 15:34:55,6097.74,Sell,607.61,high
16,2025-06-24 15:52:50,6094.74,Sell,607.37,low
1,2025-06-25 09:42:41,6106.56,Buy,608.4,low
2,2025-06-25 09:52:41,6098.57,Buy,607.77,low
3,2025-06-25 09:54:50,6102.5,Sell,607.78,low
4,2025-06-25 10:38:45,6102.29,Buy,607.729,low
5,2025-06-25 11:20:42,6094.0,Buy,606.9,low
6,2025-06-25 12:00:42,6093.2,Buy,607.02,low
7,2025-06-25 12:36:42,6093.33,Buy,606.81,low
8,2025-06-25 12:50:41,6090.0,Buy,606.6699,low
9,2025-06-25 13:42:41,6085.0,Buy,606.12,low
10,2025-06-25 14:27:41,6088.03,Buy,606.33,low
11,2025-06-25 14:31:43,6086.04,Buy,606.15,low
12,2025-06-25 15:53:42,6091.9,Buy,606.81,high
1,2025-06-26 09:48:48,6111.0,Buy,608.875,low
2,2025-06-26 10:06:49,6117.91,Sell,609.2107,low
3,2025-06-26 10:32:48,6125.0,Sell,610.465,low
4,2025-06-26 10:48:47,6125.0,Sell,610.27,low
5,2025-06-26 10:52:47,6125.0,Sell,610.27,low
6,2025-06-26 11:02:48,6130.0,Sell,610.6,low
7,2025-06-26 11:26:49,6128.9,Sell,610.59,low
8,2025-06-26 11:30:50,6122.1,Buy,609.97,high
9,2025-06-26 12:36:48,6133.19,Sell,610.92,low
10,2025-06-26 13:02:48,6131.64,Sell,610.88,low
11,2025-06-26 13:32:49,6135.0,Sell,611.31,low
12,2025-06-26 13:58:49,6136.41,Sell,611.3201,low
13,2025-06-26 14:06:48,6138.18,Sell,611.4613,low
14,2025-06-26 14:40:50,6138.43,Sell,611.5279,low
15,2025-06-26 14:50:52,6138.5,Sell,611.235,low
16,2025-06-26 15:48:49,6138.57,Sell,611.54,low
17,2025-06-26 15:52:49,6142.7,Sell,612.13,low
1,2025-06-27 09:52:52,6163.63,Sell,613.99,low
2,2025-06-27 10:08:53,6174.31,Sell,615.205,low
3,2025-06-27 10:58:52,6170.04,Buy,614.7993,high
4,2025-06-27 11:26:52,6175.0,Sell,615.315,low
5,2025-06-27 11:40:53,6180.0,Sell,615.98,low
6,2025-06-27 12:02:52,6180.87,Sell,615.83,low
7,2025-06-27 12:04:56,6181.85,Sell,615.86,low
8,2025-06-27 12:52:53,6181.82,Sell,615.915,low
9,2025-06-27 13:10:53,6180.8,Sell,615.87,low
10,2025-06-27 13:46:52,6161.84,Buy,614.01,low
11,2025-06-27 14:31:52,6161.48,Buy,612.04,low
1,2025-06-30 09:40:54,6188.97,Buy,616.6951,low
2,2025-06-30 10:20:53,6188.98,Buy,616.2793,low
3,2025-06-30 10:36:54,6189.08,Sell,616.25,low
4,2025-06-30 10:50:53,6184.08,Buy,615.995,low
5,2025-06-30 11:24:57,6183.11,Buy,616.1,low
6,2025-06-30 12:36:54,6190.05,Sell,616.695,low
7,2025-06-30 13:00:55,6190.24,Sell,616.688,low
8,2025-06-30 13:32:56,6184.89,Buy,616.205,low
9,2025-06-30 13:48:56,6184.08,Buy,616.0787,low
10,2025-06-30 13:58:53,6184.1,Buy,615.78,low
11,2025-06-30 14:32:54,6184.89,Buy,615.67,low
12,2025-06-30 14:52:30,6183.0,Buy,616.26,low
13,2025-06-30 15:07:55,6194.15,Sell,617.15,low
14,2025-06-30 15:37:54,6199.54,Sell,617.482,low
15,2025-06-30 15:55:54,6210.0,Sell,618.605,low
1,2025-07-01 09:52:49,6199.12,Sell,617.625,low
2,2025-07-01 09:58:50,6194.94,Buy,617.19,high
3,2025-07-01 10:38:50,6190.34,Buy,616.845,low
4,2025-07-01 11:10:51,6190.3,Buy,615.785,high
5,2025-07-01 12:16:49,6200.0,Sell,617.97,low
6,2025-07-01 12:46:50,6196.11,Sell,617.11,low
7,2025-07-01 12:54:55,6200.0,Sell,617.935,low
8,2025-07-01 12:58:50,6194.42,Buy,617.21,high
9,2025-07-01 13:12:49,6200.0,Sell,617.98,low
10,2025-07-01 13:32:50,6201.72,Sell,617.975,low
11,2025-07-01 13:52:50,6205.0,Sell,618.54,low
12,2025-07-01 14:08:51,6205.12,Sell,618.51,low
13,2025-07-01 14:38:50,6203.82,Sell,618.12,low
14,2025-07-01 15:00:51,6195.48,Buy,617.388,high
15,2025-07-01 15:48:49,6208.07,Sell,618.56,low
16,2025-07-01 15:58:51,6197.92,Buy,617.65,high
1,2025-07-02 09:42:50,6195.72,Buy,617.27,low
2,2025-07-02 10:26:49,6207.45,Sell,618.36,low
3,2025-07-02 10:48:51,6210.0,Sell,618.805,low
4,2025-07-02 11:16:49,6210.73,Sell,618.8,low
5,2025-07-02 12:22:49,6213.65,Sell,619.2,low
6,2025-07-02 12:36:49,6214.63,Sell,619.3213,low
7,2025-07-02 12:46:50,6215.0,Sell,619.41,low
8,2025-07-02 13:22:50,6215.24,Sell,619.31,low
9,2025-07-02 13:46:51,6215.85,Sell,619.371,low
10,2025-07-02 14:02:50,6215.52,Sell,619.275,low
11,2025-07-02 14:30:51,6218.12,Sell,619.665,low
12,2025-07-02 15:02:49,6220.0,Sell,619.995,low
13,2025-07-02 15:44:54,6220.51,Sell,619.8477,low
14,2025-07-02 15:52:50,6222.57,Sell,619.99,low
1,2025-07-03 09:56:21,6265.95,Sell,624.2701,low
2,2025-07-03 11:26:21,6270.61,Sell,625.375,low
3,2025-07-03 11:56:21,6275.0,Sell,625.84,low
4,2025-07-03 12:16:22,6277.98,Sell,625.675,low
5,2025-07-03 12:42:21,6280.0,Sell,626.1799,low
6,2025-07-03 13:04:23,6280.0,Sell,625.34,low
7,2025-07-03 13:06:22,6280.0,Sell,625.34,low
8,2025-07-03 13:28:21,6279.66,Sell,625.34,low
9,2025-07-03 13:42:23,6282.71,Sell,625.34,low
10,2025-07-03 13:54:21,6273.42,Buy,625.34,high
1,2025-07-07 09:46:51,6254.07,Buy,623.145,low
2,2025-07-07 10:38:51,6249.68,Buy,622.6699,low
3,2025-07-07 10:54:56,6249.53,Buy,622.28,low
4,2025-07-07 11:14:58,6243.05,Buy,621.935,low
5,2025-07-07 12:24:56,6226.74,Buy,620.23,medium
6,2025-07-07 12:56:50,6221.23,Buy,619.79,low
7,2025-07-07 13:42:53,6225.09,Buy,619.925,low
8,2025-07-07 14:16:52,6220.0,Buy,619.59,low
9,2025-07-07 14:20:51,6211.65,Buy,618.14,low
10,2025-07-07 15:12:51,6219.96,Buy,619.8399,high
11,2025-07-07 15:44:54,6218.71,Buy,619.67,high
1,2025-07-08 09:58:50,6234.18,Buy,621.06,low
2,2025-07-08 10:00:49,6228.59,Buy,620.83,low
3,2025-07-08 11:24:54,6222.36,Buy,619.94,low
4,2025-07-08 12:16:50,6230.98,Sell,620.82,low
5,2025-07-08 12:24:56,6236.81,Sell,621.6,low
6,2025-07-08 13:02:50,6229.24,Buy,620.58,high
7,2025-07-08 14:22:50,6236.92,Sell,620.91,low
8,2025-07-08 14:32:51,6227.68,Buy,620.55,medium
9,2025-07-08 15:12:50,6225.42,Buy,620.32,medium
1,2025-07-09 09:46:33,6265.19,Sell,624.4,low
2,2025-07-09 10:18:33,6263.24,Sell,624.055,low
3,2025-07-09 10:24:33,6261.64,Buy,623.95,high
4,2025-07-09 10:30:39,6255.0,Buy,622.88,low
5,2025-07-09 10:52:35,6240.0,Buy,621.44,low
6,2025-07-09 12:18:33,6242.99,Buy,622.12,high
7,2025-07-09 13:06:34,6242.99,Buy,622.168,high
8,2025-07-09 13:54:34,6242.92,Buy,622.43,high
9,2025-07-09 15:55:34,6261.68,Sell,624.135,low
1,2025-07-10 09:43:07,6259.92,Buy,623.74,low
2,2025-07-10 09:57:08,6257.53,Sell,623.615,low
3,2025-07-10 10:43:07,6267.5,Sell,624.72,low
4,2025-07-10 11:17:06,6273.65,Sell,625.3,low
5,2025-07-10 11:35:11,6275.0,Sell,625.535,low
6,2025-07-10 12:13:06,6273.71,Sell,625.25,low
7,2025-07-10 12:47:07,6276.83,Sell,625.575,low
8,2025-07-10 13:09:08,6278.64,Sell,625.865,medium
9,2025-07-10 13:55:13,6287.35,Sell,626.69,low
10,2025-07-10 14:19:06,6287.95,Sell,626.77,low
11,2025-07-10 14:35:15,6285.55,Sell,626.44,low
12,2025-07-10 15:23:06,6285.12,Sell,626.45,low
13,2025-07-10 15:43:09,6285.62,Sell,626.625,low
14,2025-07-10 15:51:07,6285.69,Sell,625.54,low
1,2025-07-11 09:54:57,6247.7,Sell,622.62,low
2,2025-07-11 10:22:50,6259.53,Sell,624.03,low
3,2025-07-11 11:16:50,6251.56,Buy,623.04,medium
4,2025-07-11 11:44:02,6251.55,Buy,624.4097,medium
5,2025-07-11 13:42:07,6265.0,Sell,623.85,low
6,2025-07-11 14:30:50,6263.25,Sell,624.275,low
7,2025-07-11 15:04:50,6258.16,Buy,623.865,high
8,2025-07-11 15:52:50,6259.83,Buy,623.94,high
1,2025-07-14 09:44:41,6244.0,Buy,621.94,low
2,2025-07-14 11:02:38,6256.24,Sell,623.63,low
3,2025-07-14 11:22:39,6256.56,Sell,623.52,low
4,2025-07-14 11:44:44,6264.07,Sell,624.17,medium
5,2025-07-14 12:16:39,6260.27,Sell,623.83,low
6,2025-07-14 12:26:38,6261.24,Sell,623.94,low
7,2025-07-14 13:00:39,6264.57,Sell,624.44,medium
8,2025-07-14 13:18:37,6269.74,Sell,624.87,low
9,2025-07-14 13:48:39,6266.44,Sell,624.72,low
10,2025-07-14 14:26:39,6269.53,Sell,624.955,low
11,2025-07-14 14:32:38,6270.0,Sell,625.07,low
12,2025-07-14 15:10:41,6268.36,Sell,624.775,low
13,2025-07-14 15:24:43,6266.03,Buy,624.61,high
1,2025-07-15 09:52:50,6284.84,Buy,626.36,low
2,2025-07-15 10:36:50,6275.67,Buy,625.19,low
3,2025-07-15 11:54:55,6270.64,Buy,624.87,high
4,2025-07-15 12:34:56,6265.32,Buy,624.23,low
5,2025-07-15 12:58:52,6260.0,Buy,623.25,low
6,2025-07-15 14:38:51,6267.26,Buy,624.58,medium
7,2025-07-15 14:54:57,6261.72,Buy,623.98,low
8,2025-07-15 15:42:50,6258.41,Buy,623.76,low
9,2025-07-15 15:52:52,6254.47,Buy,623.155,low
10,2025-07-15 15:58:52,6250.0,Buy,622.65,low
1,2025-07-16 09:40:16,6257.37,Buy,623.24,low
2,2025-07-16 10:55:18,6245.82,Buy,622.275,low
3,2025-07-16 11:19:11,6245.54,Buy,620.24,low
4,2025-07-16 11:43:12,6221.15,Buy,620.455,high
5,2025-07-16 12:27:12,6233.31,Buy,621.645,high
6,2025-07-16 13:10:16,6254.58,Sell,623.48,low
7,2025-07-16 13:25:21,6253.46,Sell,623.4,low
8,2025-07-16 14:38:12,6257.42,Sell,623.705,low
9,2025-07-16 14:58:13,6260.0,Sell,624.2299,low
10,2025-07-16 15:35:16,6259.54,Sell,624.0101,low
11,2025-07-16 15:42:12,6265.37,Sell,624.53,low
12,2025-07-16 15:58:12,6263.47,Sell,624.255,low
1,2025-07-17 09:49:16,6276.0,Sell,625.95,low
2,2025-07-17 10:16:15,6281.45,Sell,625.9,low
3,2025-07-17 10:20:21,6275.18,Buy,625.42,high
4,2025-07-17 10:36:16,6277.75,Sell,625.68,low
5,2025-07-17 11:08:18,6284.58,Sell,626.39,low
6,2025-07-17 11:30:21,6277.87,Sell,626.65,low
7,2025-07-17 11:50:23,6289.46,Sell,626.96,low
8,2025-07-17 12:27:15,6291.59,Sell,626.91,low
9,2025-07-17 13:29:17,6291.59,Sell,627.025,low
10,2025-07-17 14:15:22,6292.16,Sell,627.22,low
11,2025-07-17 14:20:23,6295.0,Sell,627.505,low
12,2025-07-17 14:42:17,6298.13,Sell,627.845,low
13,2025-07-17 15:04:16,6303.32,Sell,628.28,low
14,2025-07-17 15:44:18,6299.0,Sell,627.9,low
15,2025-07-17 15:48:17,6301.71,Sell,628.2,low
1,2025-07-18 09:53:04,6308.0,Buy,628.75,low
2,2025-07-18 10:01:05,6311.29,Sell,628.9649,low
3,2025-07-18 10:41:04,6295.0,Buy,627.32,low
4,2025-07-18 11:02:08,6290.55,Buy,627.16,low
5,2025-07-18 12:23:05,6294.11,Buy,627.33,low
6,2025-07-18 12:59:10,6290.0,Buy,626.68,low
7,2025-07-18 13:29:12,6290.91,Buy,626.94,low
8,2025-07-18 14:11:05,6292.31,Buy,627.0,low
9,2025-07-18 15:07:05,6291.86,Buy,627.095,low
10,2025-07-18 15:45:06,6291.41,Buy,627.0653,low
1,2025-07-21 10:12:52,6325.87,Sell,630.68,low
2,2025-07-21 11:10:50,6330.88,Sell,631.055,low
3,2025-07-21 11:28:51,6333.25,Sell,631.2,low
4,2025-07-21 11:50:52,6333.38,Sell,631.2701,low
5,2025-07-21 11:54:54,6333.38,Sell,631.17,low
6,2025-07-21 12:26:51,6326.45,Buy,630.75,high
7,2025-07-21 13:42:51,6332.11,Sell,631.215,low
8,2025-07-21 13:56:51,6332.15,Sell,631.31,low
9,2025-07-21 14:21:51,6331.45,Sell,631.18,low
10,2025-07-21 14:45:50,6329.04,Buy,630.85,high
11,2025-07-21 14:50:01,6325.83,Buy,630.4899,high
12,2025-07-21 15:15:51,6317.02,Buy,629.69,low
13,2025-07-21 15:45:53,6310.63,Buy,628.735,low
1,2025-07-22 09:42:54,6308.18,Buy,629.015,low
2,2025-07-22 09:50:54,6302.0,Buy,627.99,low
3,2025-07-22 09:55:00,6285.0,Buy,627.14,low
4,2025-07-22 12:14:59,6296.24,Buy,627.7,medium
5,2025-07-22 12:30:57,6296.24,Buy,627.3999,medium
6,2025-07-22 13:21:06,6303.74,Sell,628.49,low
7,2025-07-22 13:30:55,6310.0,Sell,629.09,low
8,2025-07-22 14:18:56,6299.07,Buy,628.2,high
9,2025-07-22 14:48:54,6310.0,Sell,629.085,low
10,2025-07-22 15:20:55,6311.49,Sell,629.11,low
11,2025-07-22 15:40:54,6314.27,Sell,629.4553,low
12,2025-07-22 15:56:55,6311.45,Sell,629.335,low
13,2025-07-22 15:58:56,6314.45,Sell,629.505,low
1,2025-07-23 09:46:48,6322.42,Buy,630.2299,low
2,2025-07-23 10:23:48,6324.44,Buy,630.395,low
3,2025-07-23 11:11:49,6327.57,Sell,630.705,low
4,2025-07-23 11:53:49,6331.28,Sell,631.03,low
5,2025-07-23 11:55:50,6339.4,Sell,632.07,low
6,2025-07-23 13:44:49,6345.0,Sell,632.725,low
7,2025-07-23 13:59:50,6345.43,Sell,632.5118,low
8,2025-07-23 14:35:51,6351.72,Sell,633.21,low
9,2025-07-23 14:55:54,6352.98,Sell,633.29,low
10,2025-07-23 15:11:50,6351.93,Sell,633.3,low
11,2025-07-23 15:43:52,6349.91,Sell,633.1083,low
12,2025-07-23 15:47:57,6352.14,Sell,633.28,low
13,2025-07-23 15:53:51,6355.0,Sell,633.655,low
1,2025-07-24 09:42:51,6364.13,Buy,634.34,low
2,2025-07-24 10:02:53,6370.68,Sell,635.08,low
3,2025-07-24 10:16:52,6365.32,Buy,634.38,low
4,2025-07-24 11:29:56,6375.19,Sell,635.525,low
5,2025-07-24 11:31:51,6374.7,Buy,635.46,high
6,2025-07-24 11:50:00,6375.6,Sell,635.55,low
7,2025-07-24 12:03:58,6372.45,Buy,635.255,high
8,2025-07-24 12:37:53,6366.04,Buy,634.49,low
9,2025-07-24 13:01:55,6368.84,Buy,634.885,low
10,2025-07-24 13:29:54,6374.58,Sell,635.38,low
11,2025-07-24 14:03:53,6376.12,Sell,635.695,low
12,2025-07-24 14:11:51,6380.0,Sell,636.04,low
13,2025-07-24 14:47:53,6369.7,Buy,635.07,medium
14,2025-07-24 15:23:53,6369.7,Buy,635.67,medium
15,2025-07-24 15:43:54,6369.35,Buy,634.96,medium
1,2025-07-25 09:45:13,6373.84,Buy,635.275,low
2,2025-07-25 09:55:14,6375.0,Sell,635.44,low
3,2025-07-25 11:00:19,6377.88,Sell,635.775,low
4,2025-07-25 11:23:14,6378.23,Sell,635.97,low
5,2025-07-25 11:27:09,6380.0,Sell,636.01,low
6,2025-07-25 12:06:14,6378.91,Sell,635.895,low
7,2025-07-25 12:48:20,6386.67,Sell,636.8253,low
8,2025-07-25 12:54:15,6387.5,Sell,636.86,low
9,2025-07-25 14:58:13,6392.87,Sell,637.245,low
10,2025-07-25 15:51:20,6391.36,Sell,637.04,low
11,2025-07-25 15:54:17,6389.63,Buy,636.92,high
1,2025-07-28 09:54:53,6395.48,Buy,637.285,low
2,2025-07-28 10:04:57,6396.61,Sell,637.66,low
3,2025-07-28 10:54:55,6393.91,Buy,637.34,low
4,2025-07-28 11:20:50,6393.69,Buy,636.365,low
5,2025-07-28 11:48:50,6389.2,Buy,637.32,low
6,2025-07-28 12:12:50,6392.43,Buy,637.195,low
7,2025-07-28 12:20:49,6394.3,Sell,637.545,low
8,2025-07-28 13:18:49,6394.33,Sell,636.5,low
9,2025-07-28 13:46:50,6386.96,Buy,636.6951,low
10,2025-07-28 13:48:50,6386.76,Buy,636.675,low
11,2025-07-28 14:00:53,6386.79,Buy,636.11,low
12,2025-07-28 14:06:50,6381.9,Buy,635.74,low
13,2025-07-28 14:46:49,6380.32,Buy,635.985,low
14,2025-07-28 15:08:50,6379.48,Buy,635.87,low
15,2025-07-28 15:24:54,6380.64,Buy,636.005,medium
16,2025-07-28 15:36:50,6379.52,Buy,635.96,low
1,2025-07-29 09:46:28,6401.5,Buy,638.12,low
2,2025-07-29 09:50:33,6397.33,Buy,637.37,low
3,2025-07-29 10:44:29,6394.0,Buy,637.2,low
4,2025-07-29 10:54:31,6387.87,Buy,636.73,low
5,2025-07-29 11:20:36,6385.0,Buy,636.265,low
6,2025-07-29 11:36:29,6375.78,Buy,635.48,low
7,2025-07-29 12:40:40,6375.61,Buy,635.32,low
8,2025-07-29 13:40:35,6377.64,Buy,635.65,low
9,2025-07-29 15:04:31,6375.27,Buy,635.4017,low
10,2025-07-29 15:24:29,6374.66,Buy,635.285,low
11,2025-07-29 15:37:29,6374.68,Buy,634.66,low
1,2025-07-30 09:41:03,6376.92,Buy,635.76,low
2,2025-07-30 11:41:03,6385.08,Sell,635.4801,low
3,2025-07-30 12:13:03,6373.17,Buy,636.26,low
4,2025-07-30 12:35:10,6373.18,Buy,636.505,low
5,2025-07-30 12:51:06,6377.32,Buy,636.505,low
6,2025-07-30 12:53:06,6385.01,Sell,636.52,low
7,2025-07-30 13:25:12,6386.31,Sell,636.28,low
8,2025-07-30 13:40:17,6384.43,Sell,636.815,low
9,2025-07-30 13:45:09,6384.16,Sell,636.74,low
10,2025-07-30 14:15:11,6383.86,Sell,636.43,low
11,2025-07-30 15:03:06,6382.6,Buy,632.38,high
12,2025-07-30 15:05:11,6383.15,Sell,631.85,low
13,2025-07-30 15:07:04,6383.18,Sell,632.4199,low
14,2025-07-30 15:29:04,6387.05,Sell,632.0893,low
15,2025-07-30 15:37:06,6387.53,Sell,631.9,low
16,2025-07-30 15:51:04,6370.97,Buy,633.305,low
1,2025-07-31 09:40:47,6405.15,Buy,638.09,low
2,2025-07-31 09:56:46,6414.0,Sell,639.63,low
3,2025-07-31 10:16:46,6413.47,Sell,639.36,low
4,2025-07-31 10:26:46,6408.61,Buy,638.58,high
5,2025-07-31 10:46:46,6400.0,Buy,637.86,low
6,2025-07-31 11:00:47,6390.0,Buy,636.885,medium
7,2025-07-31 13:14:49,6391.17,Buy,637.065,medium
8,2025-07-31 13:22:46,6383.02,Buy,636.11,low
9,2025-07-31 13:52:49,6360.78,Buy,633.735,low
10,2025-07-31 15:25:03,6352.71,Buy,633.06,low
11,2025-07-31 15:51:46,6341.94,Buy,631.33,low
1,2025-08-01 09:44:26,6245.0,Buy,622.282,low
2,2025-08-01 10:04:27,6225.69,Buy,621.03,medium
3,2025-08-01 11:02:27,6235.75,Buy,622.09,medium
4,2025-08-01 11:28:26,6236.16,Buy,621.41,medium
5,2025-08-01 12:54:26,6243.68,Buy,622.34,medium
6,2025-08-01 13:28:27,6224.88,Buy,620.51,low
7,2025-08-01 14:10:31,6220.0,Buy,619.895,low
8,2025-08-01 15:16:26,6236.22,Buy,621.7,high
1,2025-08-04 09:50:50,6301.97,Sell,628.25,low
2,2025-08-04 10:40:50,6311.1,Sell,629.23,low
3,2025-08-04 10:46:50,6308.74,Sell,628.87,low
4,2025-08-04 10:46:52,6305.43,Buy,628.87,high
5,2025-08-04 11:28:50,6310.93,Sell,629.225,low
6,2025-08-04 12:00:51,6318.55,Sell,630.0206,low
7,2025-08-04 12:46:50,6318.76,Sell,630.165,low
8,2025-08-04 12:55:00,6320.0,Sell,630.31,low
9,2025-08-04 13:10:51,6320.0,Sell,630.46,low
10,2025-08-04 13:20:52,6320.0,Sell,630.265,low
11,2025-08-04 13:46:51,6317.84,Sell,629.945,low
12,2025-08-04 14:34:56,6320.0,Sell,630.25,low
13,2025-08-04 15:12:51,6317.84,Sell,630.18,low
14,2025-08-04 15:18:52,6320.0,Sell,630.51,low
15,2025-08-04 15:52:51,6320.0,Sell,630.63,low
16,2025-08-04 15:58:52,6328.89,Sell,631.01,low
1,2025-08-05 09:54:54,6341.84,Sell,632.29,low
2,2025-08-05 10:26:51,6315.59,Buy,629.36,low
3,2025-08-05 10:45:06,6300.0,Buy,627.56,low
4,2025-08-05 11:30:50,6297.01,Buy,627.92,low
5,2025-08-05 12:46:51,6300.98,Buy,627.885,low
6,2025-08-05 14:16:50,6309.92,Buy,629.145,medium
7,2025-08-05 15:48:52,6302.3,Buy,628.31,low
1,2025-08-06 09:50:50,6309.22,Buy,628.75,low
2,2025-08-06 10:56:50,6325.0,Sell,630.89,low
3,2025-08-06 11:22:52,6334.81,Sell,631.58,low
4,2025-08-06 11:42:51,6336.45,Sell,631.94,low
5,2025-08-06 12:20:52,6344.44,Sell,632.69,low
6,2025-08-06 12:36:51,6343.39,Sell,632.96,low
7,2025-08-06 12:38:53,6344.44,Sell,632.53,low
8,2025-08-06 13:10:51,6340.83,Sell,632.28,low
9,2025-08-06 14:04:55,6344.0,Sell,632.635,low
10,2025-08-06 15:00:51,6344.21,Sell,632.675,low
11,2025-08-06 15:08:51,6344.3,Sell,632.67,high
12,2025-08-06 15:34:57,6350.0,Sell,633.315,low
13,2025-08-06 15:52:53,6345.02,Sell,632.7099,low
1,2025-08-07 09:40:41,6386.0,Sell,636.8499,low
2,2025-08-07 09:44:44,6381.03,Buy,636.2,low
3,2025-08-07 10:14:47,6365.85,Buy,634.685,low
4,2025-08-07 12:00:44,6340.19,Buy,631.795,low
5,2025-08-07 12:40:44,6337.57,Buy,631.4,low
6,2025-08-07 12:44:49,6330.0,Buy,630.5607,low
7,2025-08-07 13:24:47,6328.98,Buy,630.94,low
8,2025-08-07 14:12:42,6321.18,Buy,630.01,low
1,2025-08-08 10:18:50,6379.38,Sell,636.16,low
2,2025-08-08 11:40:53,6370.98,Buy,634.93,medium
3,2025-08-08 12:02:51,6383.12,Sell,636.67,low
4,2025-08-08 12:02:52,6380.06,Buy,636.67,high
5,2025-08-08 12:18:51,6389.58,Sell,637.09,low
6,2025-08-08 13:00:51,6384.13,Sell,636.455,low
7,2025-08-08 13:42:51,6388.08,Sell,637.17,low
8,2025-08-08 14:02:52,6392.69,Sell,637.4099,low
9,2025-08-08 14:54:55,6392.29,Sell,637.39,low
10,2025-08-08 15:22:51,6391.68,Sell,637.31,low
11,2025-08-08 15:36:52,6386.05,Buy,636.83,high
1,2025-08-11 09:50:52,6392.75,Buy,637.35,high
2,2025-08-11 09:56:50,6390.91,Sell,637.34,low
3,2025-08-11 10:44:56,6389.95,Buy,637.265,low
4,2025-08-11 11:20:54,6390.41,Buy,637.2799,low
5,2025-08-11 11:28:52,6389.56,Buy,637.1,low
6,2025-08-11 11:52:52,6392.95,Sell,637.605,low
7,2025-08-11 12:08:52,6400.0,Sell,638.5907,low
8,2025-08-11 12:42:52,6395.48,Buy,637.67,medium
9,2025-08-11 13:12:53,6392.45,Buy,637.26,high
10,2025-08-11 13:38:54,6392.45,Buy,636.65,high
11,2025-08-11 13:42:55,6389.17,Buy,636.6,low
12,2025-08-11 14:14:55,6385.0,Buy,636.58,low
13,2025-08-11 14:46:53,6388.93,Buy,636.125,low
14,2025-08-11 15:16:55,6380.76,Buy,636.2,low
15,2025-08-11 15:32:54,6381.47,Buy,636.17,low
16,2025-08-11 15:52:52,6370.63,Buy,634.8599,low
1,2025-08-12 09:50:50,6395.0,Buy,637.08,low
2,2025-08-12 10:52:50,6415.0,Sell,640.1308,low
3,2025-08-12 11:22:50,6425.0,Sell,640.765,low
4,2025-08-12 11:58:50,6429.0,Sell,641.13,low
5,2025-08-12 12:30:54,6430.0,Sell,641.5037,low
6,2025-08-12 12:48:52,6430.0,Sell,641.81,low
7,2025-08-12 13:24:56,6434.69,Sell,641.6855,low
8,2025-08-12 13:56:52,6437.28,Sell,642.065,low
9,2025-08-12 15:02:53,6437.18,Sell,642.15,low
10,2025-08-12 15:18:50,6439.4,Sell,642.35,low
11,2025-08-12 15:38:52,6440.0,Sell,642.55,low
1,2025-08-13 10:00:57,6474.0,Buy,645.32,low
2,2025-08-13 10:34:56,6460.0,Buy,644.05,low
3,2025-08-13 11:07:01,6455.0,Buy,643.46,low
4,2025-08-13 11:58:56,6453.3,Buy,643.46,low
5,2025-08-13 12:28:56,6453.35,Buy,643.48,low
6,2025-08-13 12:52:56,6448.9,Buy,642.9401,low
7,2025-08-13 13:34:56,6448.2,Buy,642.79,low
8,2025-08-13 13:50:57,6450.78,Buy,643.135,low
9,2025-08-13 14:38:57,6455.31,Buy,643.69,medium
1,2025-08-14 10:01:01,6458.62,Sell,644.0,low
2,2025-08-14 11:13:08,6460.48,Buy,644.19,high
3,2025-08-14 11:27:10,6451.14,Buy,643.185,medium
4,2025-08-14 13:35:08,6466.5,Sell,644.755,low
5,2025-08-14 14:17:02,6458.36,Buy,644.1499,high
6,2025-08-14 15:19:02,6468.85,Sell,645.41,low
7,2025-08-14 15:57:02,6470.0,Sell,645.535,low
1,2025-08-15 09:58:50,6456.74,Buy,643.95,low
2,2025-08-15 10:56:50,6455.0,Buy,643.7899,low
3,2025-08-15 11:28:51,6452.35,Buy,643.53,low
4,2025-08-15 11:44:54,6445.17,Buy,642.63,low
5,2025-08-15 12:06:50,6450.72,Buy,643.42,low
6,2025-08-15 12:32:50,6450.94,Buy,643.36,low
7,2025-08-15 14:58:50,6456.94,Buy,644.22,medium
8,2025-08-15 15:04:56,6453.13,Buy,643.65,medium
9,2025-08-15 15:50:50,6454.08,Buy,643.55,medium
10,2025-08-15 15:52:52,6450.44,Buy,643.44,low
1,2025-08-18 09:45:30,6447.81,Buy,643.54,low
2,2025-08-18 10:27:23,6454.0,Sell,643.78,low
3,2025-08-18 10:31:26,6446.19,Buy,643.05,low
4,2025-08-18 11:09:22,6447.4,Buy,643.3,low
5,2025-08-18 11:49:23,6444.89,Buy,642.98,low
6,2025-08-18 12:11:23,6445.57,Buy,643.135,low
7,2025-08-18 12:37:23,6445.57,Buy,642.59,low
8,2025-08-18 13:31:24,6450.84,Sell,643.76,low
9,2025-08-18 14:21:23,6441.91,Buy,642.62,low
10,2025-08-18 14:53:24,6450.01,Sell,643.435,low
11,2025-08-18 15:37:24,6450.46,Sell,643.575,low
12,2025-08-18 15:55:29,6452.6,Sell,643.6642,low
1,2025-08-19 10:14:08,6453.91,Sell,643.77,low
2,2025-08-19 10:46:07,6437.5,Buy,642.11,low
3,2025-08-19 11:22:07,6430.84,Buy,641.21,high
4,2025-08-19 11:54:06,6430.78,Buy,640.86,high
5,2025-08-19 12:10:13,6425.09,Buy,640.46,low
6,2025-08-19 12:42:07,6413.22,Buy,639.85,low
7,2025-08-19 13:56:08,6414.09,Buy,639.8542,high
8,2025-08-19 14:05:15,6414.09,Buy,639.205,high
9,2025-08-19 14:45:14,6410.0,Buy,638.91,low
10,2025-08-19 15:04:08,6404.94,Buy,638.84,low
11,2025-08-19 15:52:07,6406.79,Buy,639.07,low
1,2025-08-20 09:48:45,6392.0,Buy,637.67,low
2,2025-08-20 10:42:45,6352.15,Buy,633.76,low
3,2025-08-20 14:04:52,6375.27,Buy,636.17,high
4,2025-08-20 15:13:46,6375.27,Buy,638.12,high
5,2025-08-20 15:55:46,6400.0,Sell,638.47,low
1,2025-08-21 09:45:16,6375.29,Buy,634.9399,low
2,2025-08-21 09:47:12,6362.5,Buy,635.54,low
3,2025-08-21 10:03:12,6375.56,Sell,636.675,low
4,2025-08-21 10:40:22,6377.27,Buy,636.33,high
5,2025-08-21 11:55:17,6374.3,Buy,635.605,medium
6,2025-08-21 12:13:12,6364.94,Buy,635.66,low
7,2025-08-21 12:37:15,6365.58,Buy,635.18,low
8,2025-08-21 13:00:17,6363.78,Buy,634.99,low
9,2025-08-21 13:19:12,6360.0,Buy,634.37,low
10,2025-08-21 14:13:12,6370.43,Buy,635.89,high
11,2025-08-21 14:33:13,6368.24,Buy,635.57,medium
12,2025-08-21 15:33:11,6372.9,Buy,635.77,medium
13,2025-08-21 15:43:15,6367.44,Buy,635.37,medium
1,2025-08-22 09:44:54,6405.0,Sell,639.41,low
2,2025-08-22 11:04:56,6473.51,Sell,646.18,low
3,2025-08-22 11:20:50,6471.08,Sell,646.07,low
4,2025-08-22 11:22:49,6473.51,Sell,646.08,low
5,2025-08-22 12:04:57,6471.11,Sell,645.88,low
6,2025-08-22 12:58:50,6456.18,Buy,644.4399,high
7,2025-08-22 13:10:52,6466.75,Sell,645.35,low
8,2025-08-22 13:52:50,6473.12,Sell,646.1001,low
9,2025-08-22 14:36:50,6470.44,Sell,645.74,low
10,2025-08-22 15:40:50,6455.85,Buy,644.425,high
1,2025-08-25 09:40:20,6453.8,Buy,643.99,low
2,2025-08-25 10:02:15,6456.11,Sell,644.23,low
3,2025-08-25 10:20:20,6455.44,Buy,643.85,low
4,2025-08-25 11:08:16,6458.91,Sell,644.53,low
5,2025-08-25 11:26:16,6463.66,Sell,645.025,low
6,2025-08-25 11:46:15,6460.83,Sell,644.8,low
7,2025-08-25 12:18:16,6463.76,Sell,645.05,low
8,2025-08-25 12:46:16,6465.0,Sell,645.22,low
9,2025-08-25 13:06:16,6459.89,Buy,644.71,high
10,2025-08-25 13:40:34,6456.51,Buy,644.0907,medium
11,2025-08-25 14:24:14,6457.13,Buy,644.22,high
12,2025-08-25 15:00:22,6454.46,Buy,643.935,low
13,2025-08-25 15:18:17,6451.2,Buy,643.6642,low
14,2025-08-25 15:44:16,6450.23,Buy,643.579,low
15,2025-08-25 15:58:16,6450.02,Buy,642.92,low
1,2025-08-26 09:50:50,6430.65,Buy,642.15,low
2,2025-08-26 10:24:54,6445.05,Sell,643.18,low
3,2025-08-26 11:08:50,6439.78,Buy,642.555,high
4,2025-08-26 11:44:57,6440.11,Sell,642.68,low
5,2025-08-26 12:16:49,6446.82,Sell,643.355,low
6,2025-08-26 13:12:49,6446.77,Sell,643.18,low
7,2025-08-26 13:56:49,6439.92,Buy,642.76,medium
8,2025-08-26 15:16:50,6450.0,Sell,643.915,low
9,2025-08-26 15:22:51,6455.0,Sell,644.61,low
10,2025-08-26 15:58:50,6465.0,Sell,645.295,low
1,2025-08-27 09:48:47,6468.0,Sell,645.01,low
2,2025-08-27 09:50:48,6463.33,Buy,644.98,low
3,2025-08-27 10:24:53,6474.85,Sell,646.22,low
4,2025-08-27 10:40:49,6475.75,Sell,646.15,low
5,2025-08-27 11:26:48,6476.9,Sell,646.36,low
6,2025-08-27 11:42:48,6475.56,Sell,646.26,low
7,2025-08-27 11:44:52,6475.56,Sell,646.315,low
8,2025-08-27 12:18:48,6476.65,Sell,646.375,low
9,2025-08-27 12:22:47,6474.32,Buy,645.99,high
10,2025-08-27 13:32:47,6479.05,Sell,646.59,low
11,2025-08-27 13:56:48,6479.64,Sell,646.64,low
12,2025-08-27 14:14:52,6484.32,Sell,647.18,low
13,2025-08-27 14:34:53,6484.95,Sell,647.2,low
14,2025-08-27 15:02:48,6482.58,Sell,646.975,low
15,2025-08-27 15:12:50,6482.58,Sell,646.02,low
16,2025-08-27 15:34:52,6480.73,Sell,646.79,low
17,2025-08-27 15:56:48,6485.0,Sell,647.31,low
1,2025-08-28 09:56:24,6475.0,Buy,645.395,low
2,2025-08-28 11:18:27,6488.76,Sell,647.37,low
3,2025-08-28 11:32:24,6480.32,Buy,646.65,high
4,2025-08-28 12:16:25,6490.78,Sell,647.69,low
5,2025-08-28 12:36:24,6491.45,Sell,647.935,low
6,2025-08-28 13:03:25,6488.57,Buy,647.7,high
7,2025-08-28 13:30:29,6494.79,Sell,648.23,low
8,2025-08-28 13:46:25,6495.0,Sell,648.405,low
9,2025-08-28 14:32:24,6500.0,Sell,648.745,low
10,2025-08-28 15:42:27,6503.71,Sell,649.105,low
1,2025-08-29 10:20:47,6457.25,Buy,644.51,medium
2,2025-08-29 10:46:36,6456.27,Buy,644.17,low
3,2025-08-29 11:42:37,6456.26,Buy,644.26,medium
4,2025-08-29 13:02:38,6456.26,Buy,644.37,low
5,2025-08-29 14:06:36,6456.57,Buy,644.44,medium
6,2025-08-29 14:50:47,6457.34,Buy,644.36,high
7,2025-08-29 15:30:45,6459.48,Buy,644.745,high
8,2025-08-29 15:52:36,6453.51,Buy,644.295,low
1,2025-09-02 09:51:08,6388.0,Sell,638.8,low
2,2025-09-02 11:01:01,6388.5,Buy,637.58,high
3,2025-09-02 11:36:58,6370.0,Buy,635.52,low
4,2025-09-02 14:09:09,6392.82,Buy,638.1,high
5,2025-09-02 14:40:58,6387.09,Buy,637.635,high
6,2025-09-02 15:30:58,6400.0,Sell,639.22,low
7,2025-09-02 15:53:15,6410.0,Sell,639.93,low
1,2025-09-03 09:47:33,6438.12,Buy,642.57,low
2,2025-09-03 10:27:35,6441.47,Sell,642.64,low
3,2025-09-03 10:58:37,6450.0,Sell,644.05,low
4,2025-09-03 11:24:45,6442.27,Buy,643.355,high
5,2025-09-03 11:48:36,6437.81,Buy,642.43,high
6,2025-09-03 13:36:37,6432.45,Buy,642.07,low
7,2025-09-03 13:46:36,6420.13,Buy,640.97,low
8,2025-09-03 15:20:52,6421.97,Buy,640.8701,low
1,2025-09-04 09:41:07,6459.56,Buy,644.7687,low
2,2025-09-04 10:06:48,6452.31,Buy,644.0191,low
3,2025-09-04 10:38:51,6467.01,Sell,645.69,low
4,2025-09-04 11:09:12,6467.64,Sell,645.82,low
5,2025-09-04 11:24:50,6470.0,Sell,646.04,low
6,2025-09-04 11:49:04,6471.7,Sell,646.23,low
7,2025-09-04 12:29:19,6471.63,Sell,645.95,low
8,2025-09-04 13:01:12,6469.79,Sell,646.33,low
9,2025-09-04 13:08:48,6475.0,Sell,646.705,low
10,2025-09-04 13:53:49,6482.57,Sell,647.44,low
11,2025-09-04 14:20:51,6484.42,Sell,647.365,low
12,2025-09-04 14:36:51,6484.05,Sell,647.4113,low
13,2025-09-04 14:39:51,6484.42,Sell,647.32,low
14,2025-09-04 14:50:49,6485.0,Sell,647.59,low
15,2025-09-04 15:11:10,6488.2,Sell,647.8999,low
16,2025-09-04 15:20:49,6490.0,Sell,648.19,low
17,2025-09-04 15:51:49,6490.0,Sell,648.3955,low
18,2025-09-04 15:55:49,6497.04,Sell,648.7,low
1,2025-09-05 09:40:39,6528.85,Buy,651.5709,low
2,2025-09-05 11:02:23,6456.12,Buy,643.76,low
3,2025-09-05 13:05:26,6467.64,Buy,645.45,medium
4,2025-09-05 13:41:24,6466.73,Buy,645.32,low
5,2025-09-05 15:52:23,6475.7,Buy,646.34,medium
1,2025-09-08 09:40:44,6494.17,Buy,648.49,low
2,2025-09-08 09:58:25,6497.95,Sell,648.4575,low
3,2025-09-08 10:32:26,6499.9,Sell,648.88,low
4,2025-09-08 11:06:45,6505.45,Sell,649.6,low
5,2025-09-08 11:46:26,6505.48,Sell,648.66,low
6,2025-09-08 12:22:26,6495.93,Buy,648.49,medium
7,2025-09-08 12:39:28,6490.0,Buy,648.15,low
8,2025-09-08 13:37:26,6490.04,Buy,648.34,medium
9,2025-09-08 13:40:29,6492.88,Buy,648.2199,low
10,2025-09-08 13:54:26,6494.6,Buy,647.72,low
11,2025-09-08 15:12:26,6487.0,Buy,647.48,low
1,2025-09-09 09:42:53,6501.22,Buy,649.07,low
2,2025-09-09 10:02:55,6498.58,Buy,648.76,low
3,2025-09-09 10:34:52,6490.49,Buy,647.62,low
4,2025-09-09 11:43:10,6491.88,Buy,648.14,medium
5,2025-09-09 13:01:21,6501.17,Sell,649.245,low
6,2025-09-09 13:13:26,6505.0,Sell,649.5693,low
7,2025-09-09 13:43:53,6505.0,Sell,649.63,low
8,2025-09-09 14:12:22,6506.2,Sell,649.59,low
9,2025-09-09 14:48:55,6508.7,Sell,650.07,low
10,2025-09-09 15:22:52,6509.09,Sell,649.94,low
11,2025-09-09 15:52:53,6510.0,Sell,650.235,low
12,2025-09-09 15:56:54,6515.0,Sell,650.49,low
1,2025-09-10 10:01:34,6550.0,Sell,654.01,low
2,2025-09-10 10:37:35,6546.22,Buy,653.55,low
3,2025-09-10 11:31:35,6545.94,Buy,652.58,low
4,2025-09-10 12:24:35,6537.58,Buy,652.88,low
5,2025-09-10 12:38:34,6536.8,Buy,652.655,low
6,2025-09-10 13:20:36,6539.23,Buy,652.865,low
7,2025-09-10 13:47:02,6535.35,Buy,652.26,low
8,2025-09-10 13:54:35,6530.9,Buy,652.17,low
9,2025-09-10 14:23:34,6535.09,Buy,651.67,high
10,2025-09-10 14:44:38,6529.03,Buy,651.835,low
11,2025-09-10 14:59:34,6531.02,Buy,651.995,medium
12,2025-09-10 15:15:37,6530.84,Buy,651.2,high
1,2025-09-11 09:40:50,6550.62,Buy,654.13,low
2,2025-09-11 10:22:31,6567.16,Sell,655.73,low
3,2025-09-11 10:35:32,6574.84,Sell,656.62,low
4,2025-09-11 11:11:30,6575.82,Sell,656.73,low
5,2025-09-11 11:20:33,6584.08,Sell,657.46,low
6,2025-09-11 11:47:31,6576.23,Buy,656.8199,high
7,2025-09-11 12:26:31,6584.49,Sell,657.625,low
8,2025-09-11 13:12:52,6582.96,Sell,657.445,low
9,2025-09-11 13:28:33,6581.94,Sell,657.15,low
10,2025-09-11 13:52:32,6580.26,Sell,657.1699,low
11,2025-09-11 14:00:57,6580.26,Sell,657.55,high
12,2025-09-11 14:22:31,6581.57,Sell,657.275,low
13,2025-09-11 14:58:32,6584.56,Sell,657.5351,low
14,2025-09-11 15:20:32,6585.0,Sell,657.73,low
15,2025-09-11 15:51:32,6590.0,Sell,658.2,low
1,2025-09-12 10:00:58,6587.8,Buy,657.7983,low
2,2025-09-12 10:06:57,6588.32,Sell,657.995,low
3,2025-09-12 10:57:57,6592.0,Sell,658.28,low
4,2025-09-12 11:31:58,6586.29,Buy,657.695,low
5,2025-09-12 12:18:57,6588.49,Buy,657.91,low
6,2025-09-12 12:40:57,6588.11,Buy,657.78,low
7,2025-09-12 12:50:56,6589.45,Sell,657.99,low
8,2025-09-12 13:22:57,6591.22,Sell,658.17,low
9,2025-09-12 13:49:57,6592.8,Sell,658.34,low
10,2025-09-12 14:11:27,6593.16,Sell,658.3055,low
11,2025-09-12 14:29:16,6594.0,Sell,658.505,low
12,2025-09-12 14:36:58,6596.0,Sell,658.77,low
13,2025-09-12 15:29:22,6596.32,Sell,658.17,low
14,2025-09-12 15:44:56,6586.71,Buy,657.75,low
1,2025-09-15 09:52:34,6612.0,Sell,660.355,low
2,2025-09-15 10:21:34,6610.13,Buy,660.125,low
3,2025-09-15 10:33:34,6615.71,Sell,660.715,low
4,2025-09-15 11:22:35,6614.07,Buy,660.43,high
5,2025-09-15 12:17:35,6616.92,Sell,660.825,low
6,2025-09-15 12:55:35,6613.4,Sell,660.35,low
7,2025-09-15 12:59:36,6609.8,Buy,660.13,low
8,2025-09-15 13:30:35,6606.58,Buy,659.785,medium
9,2025-09-15 14:17:34,6607.81,Buy,660.08,low
10,2025-09-15 14:37:55,6607.51,Buy,659.89,low
11,2025-09-15 14:45:34,6607.5,Buy,659.51,low
12,2025-09-15 15:18:35,6606.99,Buy,659.93,low
13,2025-09-15 15:52:36,6608.05,Buy,660.04,low
14,2025-09-15 15:58:37,6608.05,Buy,660.67,low
1,2025-09-16 09:55:49,6610.98,Buy,660.23,low
2,2025-09-16 10:32:48,6608.4,Buy,659.91,low
3,2025-09-16 10:58:52,6607.57,Buy,659.93,low
4,2025-09-16 11:04:49,6607.58,Buy,659.53,low
5,2025-09-16 11:35:48,6605.0,Buy,659.5101,low
6,2025-09-16 12:36:49,6605.16,Buy,659.57,low
7,2025-09-16 13:54:49,6609.19,Buy,660.165,medium
8,2025-09-16 15:28:18,6610.43,Buy,660.175,medium
9,2025-09-16 15:59:51,6608.1,Buy,659.93,low
1,2025-09-17 09:43:04,6608.0,Buy,659.81,low
2,2025-09-17 09:47:25,6606.0,Sell,660.1263,low
3,2025-09-17 09:49:04,6608.6,Sell,660.17,low
4,2025-09-17 10:31:04,6599.04,Buy,659.22,low
5,2025-09-17 10:46:23,6599.1,Buy,659.2079,low
6,2025-09-17 10:51:06,6600.1,Buy,659.17,low
7,2025-09-17 11:13:26,6601.54,Buy,659.52,low
8,2025-09-17 11:51:05,6599.29,Buy,658.95,low
9,2025-09-17 12:11:05,6598.68,Buy,658.96,low
10,2025-09-17 12:42:32,6592.0,Buy,658.47,medium
11,2025-09-17 14:02:05,6606.67,Sell,660.91,low
12,2025-09-17 14:47:05,6570.0,Buy,656.51,low
13,2025-09-17 15:53:06,6597.32,Buy,659.075,high
1,2025-09-18 10:14:57,6643.19,Sell,663.62,low
2,2025-09-18 10:54:38,6638.27,Buy,662.88,high
3,2025-09-18 11:55:36,6633.31,Buy,662.36,medium
4,2025-09-18 13:36:37,6633.31,Buy,662.79,medium
5,2025-09-18 14:01:36,6636.22,Buy,662.72,high
6,2025-09-18 14:44:37,6633.31,Buy,662.445,medium
7,2025-09-18 15:24:37,6636.38,Buy,662.835,high
1,2025-09-19 09:59:16,6648.82,Buy,662.15,high
2,2025-09-19 11:25:51,6637.59,Buy,660.95,low
3,2025-09-19 11:45:52,6637.28,Buy,661.099,low
4,2025-09-19 12:15:52,6648.32,Sell,662.25,low
5,2025-09-19 13:02:52,6650.0,Sell,662.605,low
6,2025-09-19 13:20:51,6650.0,Sell,662.39,low
7,2025-09-19 14:11:13,6652.58,Sell,662.66,low
8,2025-09-19 14:26:54,6649.89,Sell,662.375,low
9,2025-09-19 14:58:52,6654.95,Sell,663.0,low
10,2025-09-19 15:52:09,6665.0,Sell,663.99,low
1,2025-09-22 09:47:11,6653.91,Buy,662.825,low
2,2025-09-22 10:29:32,6665.0,Sell,664.08,low
3,2025-09-22 10:57:52,6675.0,Sell,665.03,low
4,2025-09-22 11:31:51,6674.95,Sell,665.0,low
5,2025-09-22 11:47:19,6672.84,Sell,664.65,low
6,2025-09-22 12:12:53,6678.3,Sell,665.285,low
7,2025-09-22 13:06:51,6689.76,Sell,666.38,low
8,2025-09-22 14:20:51,6689.75,Sell,666.509,low
9,2025-09-22 15:02:51,6690.0,Sell,666.869,low
10,2025-09-22 15:12:52,6696.42,Sell,667.11,low
11,2025-09-22 15:51:52,6696.44,Sell,667.245,low
1,2025-09-23 09:44:21,6693.2,Buy,666.8992,low
2,2025-09-23 09:46:21,6696.21,Sell,666.97,low
3,2025-09-23 10:30:33,6692.75,Buy,666.61,low
4,2025-09-23 11:28:21,6688.43,Buy,666.15,low
5,2025-09-23 11:42:22,6684.0,Buy,665.6099,low
6,2025-09-23 12:18:22,6680.19,Buy,665.295,low
7,2025-09-23 13:00:33,6680.0,Buy,665.02,low
8,2025-09-23 13:22:22,6679.91,Buy,664.71,low
9,2025-09-23 14:40:33,6654.36,Buy,662.695,low
1,2025-09-24 09:52:43,6652.63,Buy,662.77,low
2,2025-09-24 10:52:43,6661.4,Sell,663.63,low
3,2025-09-24 11:04:46,6654.77,Buy,662.82,low
4,2025-09-24 11:34:47,6650.0,Buy,662.17,low
5,2025-09-24 11:48:47,6641.65,Buy,661.46,low
6,2025-09-24 12:16:44,6630.0,Buy,659.81,low
7,2025-09-24 12:52:50,6633.84,Buy,660.61,medium
8,2025-09-24 13:48:44,6632.78,Buy,660.47,low
9,2025-09-24 14:06:44,6632.86,Buy,660.51,medium
10,2025-09-24 14:12:45,6630.0,Buy,660.19,low
11,2025-09-24 15:11:00,6634.41,Buy,660.85,medium
1,2025-09-25 09:42:49,6580.0,Buy,655.38,low
2,2025-09-25 10:32:50,6609.96,Sell,658.5601,low
3,2025-09-25 11:08:50,6600.1,Buy,657.39,high
4,2025-09-25 11:45:05,6617.11,Sell,659.255,low
5,2025-09-25 12:00:51,6617.11,Sell,659.08,low
6,2025-09-25 12:16:51,6614.95,Sell,658.895,low
7,2025-09-25 12:48:52,6606.05,Buy,657.8956,high
8,2025-09-25 13:22:51,6595.47,Buy,656.71,medium
9,2025-09-25 13:56:52,6588.42,Buy,656.07,medium
10,2025-09-25 14:02:50,6580.0,Buy,654.98,low
11,2025-09-25 15:26:50,6599.79,Buy,657.305,high
1,2025-09-26 09:48:49,6640.0,Sell,661.6,low
2,2025-09-26 10:26:50,6610.57,Buy,658.13,low
3,2025-09-26 10:50:50,6610.15,Buy,658.18,medium
4,2025-09-26 12:00:51,6614.14,Buy,658.595,low
5,2025-09-26 13:01:07,6638.12,Sell,661.311,low
6,2025-09-26 13:40:52,6640.0,Sell,661.51,low
7,2025-09-26 14:27:00,6640.0,Sell,661.705,low
8,2025-09-26 14:42:50,6640.0,Sell,661.95,low
9,2025-09-26 15:50:52,6640.0,Sell,661.49,low
10,2025-09-26 15:52:52,6637.37,Buy,661.1961,high
1,2025-09-29 09:46:58,6671.41,Sell,664.465,low
2,2025-09-29 10:05:18,6667.15,Buy,664.2293,low
3,2025-09-29 10:32:59,6673.1,Sell,664.81,low
4,2025-09-29 10:56:57,6673.1,Sell,664.335,low
5,2025-09-29 10:58:57,6670.53,Sell,664.4199,low
6,2025-09-29 11:05:13,6671.31,Sell,664.47,low
7,2025-09-29 12:09:01,6656.5,Buy,663.28,low
8,2025-09-29 12:53:00,6671.01,Sell,662.92,low
9,2025-09-29 13:31:15,6651.58,Buy,662.36,medium
10,2025-09-29 13:54:59,6655.54,Buy,663.04,low
11,2025-09-29 15:08:59,6653.64,Buy,662.69,low
1,2025-09-30 09:41:00,6650.07,Buy,662.61,low
2,2025-09-30 10:28:49,6653.71,Buy,662.715,low
3,2025-09-30 10:32:48,6654.93,Sell,663.07,low
4,2025-09-30 11:08:48,6657.23,Sell,663.4,low
5,2025-09-30 11:22:48,6649.19,Buy,662.48,medium
6,2025-09-30 11:40:57,6645.31,Buy,662.02,low
7,2025-09-30 12:01:01,6645.31,Buy,663.085,low
8,2025-09-30 12:22:49,6664.19,Sell,663.74,low
9,2025-09-30 12:41:03,6658.74,Sell,663.4,low
10,2025-09-30 13:12:48,6647.68,Buy,662.31,low
11,2025-09-30 13:36:49,6647.43,Buy,661.98,low
12,2025-09-30 14:41:15,6664.96,Sell,664.14,low
13,2025-09-30 15:14:48,6670.0,Sell,664.64,low
14,2025-09-30 15:22:56,6675.0,Sell,665.1395,low
15,2025-09-30 15:50:49,6680.0,Sell,665.945,low
1,2025-10-01 09:45:01,6676.27,Sell,664.85,low
2,2025-10-01 09:50:49,6657.95,Buy,663.605,low
3,2025-10-01 11:28:49,6685.0,Sell,666.4051,low
4,2025-10-01 11:38:49,6693.94,Sell,666.88,low
5,2025-10-01 11:58:50,6694.93,Sell,667.02,low
6,2025-10-01 12:16:49,6694.78,Sell,667.0701,low
7,2025-10-01 12:52:49,6691.73,Sell,666.66,low
8,2025-10-01 13:00:51,6693.59,Sell,666.83,low
9,2025-10-01 13:06:50,6697.88,Sell,667.46,low
10,2025-10-01 13:38:49,6700.0,Sell,667.835,low
11,2025-10-01 13:58:48,6700.0,Sell,667.94,low
12,2025-10-01 14:31:00,6710.0,Sell,668.81,low
13,2025-10-01 14:44:50,6710.0,Sell,669.15,low
14,2025-10-01 15:01:08,6714.76,Sell,669.23,low
15,2025-10-01 15:21:00,6712.91,Sell,668.8,low
16,2025-10-01 15:57:05,6711.09,Sell,668.905,low
1,2025-10-02 10:26:15,6710.9,Buy,668.6399,low
2,2025-10-02 10:45:29,6710.96,Buy,668.15,low
3,2025-10-02 11:03:14,6700.54,Buy,667.29,low
4,2025-10-02 11:30:29,6702.49,Buy,667.61,low
5,2025-10-02 11:34:15,6700.19,Buy,667.32,low
6,2025-10-02 15:37:26,6715.32,Buy,669.0,high
1,2025-10-03 09:40:51,6735.5,Sell,671.1368,low
2,2025-10-03 10:38:59,6742.5,Sell,672.02,low
3,2025-10-03 11:02:51,6744.45,Sell,671.7907,low
4,2025-10-03 11:28:51,6741.82,Sell,671.69,low
5,2025-10-03 11:46:51,6740.83,Sell,671.8999,low
6,2025-10-03 11:52:51,6746.01,Sell,672.19,low
7,2025-10-03 12:16:51,6749.65,Sell,672.64,low
8,2025-10-03 12:36:51,6747.65,Sell,672.38,low
9,2025-10-03 12:58:51,6745.57,Sell,672.2599,low
10,2025-10-03 13:02:54,6740.69,Buy,671.4,high
11,2025-10-03 13:04:57,6731.37,Buy,670.925,low
12,2025-10-03 13:46:52,6731.02,Buy,669.61,low
13,2025-10-03 13:52:52,6724.7,Buy,668.8,low
14,2025-10-03 15:52:53,6720.22,Buy,669.53,medium
1,2025-10-06 09:50:53,6729.64,Buy,670.405,low
2,2025-10-06 10:28:54,6735.0,Sell,670.515,low
3,2025-10-06 11:48:56,6737.19,Sell,671.57,low
4,2025-10-06 12:04:58,6740.0,Sell,671.64,low
5,2025-10-06 12:24:59,6740.0,Sell,671.695,low
6,2025-10-06 12:28:54,6740.0,Sell,671.79,low
7,2025-10-06 13:12:56,6737.64,Sell,671.46,low
8,2025-10-06 13:16:55,6737.59,Sell,671.572,low
9,2025-10-06 13:18:54,6737.59,Sell,671.55,low
10,2025-10-06 13:22:54,6740.0,Sell,671.9801,low
11,2025-10-06 14:06:56,6746.85,Sell,672.37,low
12,2025-10-06 14:34:58,6747.59,Sell,672.39,low
13,2025-10-06 14:58:53,6745.36,Sell,672.145,low
14,2025-10-06 15:20:55,6742.07,Sell,671.76,low
15,2025-10-06 15:22:54,6742.13,Sell,671.74,low
16,2025-10-06 15:50:55,6743.54,Sell,671.955,low
1,2025-10-07 09:42:16,6751.01,Buy,672.54,medium
2,2025-10-07 10:28:20,6738.09,Buy,671.4,low
3,2025-10-07 10:54:18,6735.0,Buy,671.0,low
4,2025-10-07 11:06:17,6720.0,Buy,669.52,low
5,2025-10-07 11:40:22,6710.0,Buy,668.49,low
6,2025-10-07 11:58:17,6706.79,Buy,668.15,low
7,2025-10-07 12:16:17,6704.82,Buy,668.0385,low
8,2025-10-07 12:56:18,6709.15,Buy,668.46,low
9,2025-10-07 13:28:18,6713.19,Buy,668.905,high
10,2025-10-07 14:02:17,6706.3,Buy,668.04,low
11,2025-10-07 15:58:18,6712.8,Buy,668.87,high
1,2025-10-08 10:36:40,6741.7,Sell,671.92,low
2,2025-10-08 11:26:40,6749.29,Sell,672.59,low
3,2025-10-08 11:56:41,6752.39,Sell,672.93,low
4,2025-10-08 12:14:44,6752.49,Sell,672.93,low
5,2025-10-08 12:48:40,6747.54,Sell,672.3401,low
6,2025-10-08 13:30:41,6752.45,Sell,672.8612,low
7,2025-10-08 13:56:41,6750.5,Sell,672.61,low
8,2025-10-08 13:58:42,6752.45,Sell,672.59,high
9,2025-10-08 14:22:39,6752.53,Sell,672.94,low
10,2025-10-08 14:42:41,6748.7,Sell,672.53,low
11,2025-10-08 14:46:40,6746.1,Buy,672.4307,high
12,2025-10-08 15:16:40,6750.07,Sell,672.74,low
13,2025-10-08 15:52:40,6753.7,Sell,673.0901,low
1,2025-10-09 09:48:51,6750.98,Buy,672.86,low
2,2025-10-09 10:20:51,6741.51,Buy,671.5,low
3,2025-10-09 10:32:51,6731.92,Buy,670.79,low
4,2025-10-09 11:32:52,6732.1,Buy,670.675,low
5,2025-10-09 12:24:58,6732.93,Buy,670.95,low
6,2025-10-09 12:42:51,6727.37,Buy,670.4588,low
7,2025-10-09 13:00:52,6723.14,Buy,670.08,low
8,2025-10-09 13:16:51,6723.13,Buy,669.65,low
9,2025-10-09 14:08:51,6723.28,Buy,669.5099,high
10,2025-10-09 14:28:51,6725.14,Buy,669.82,low
1,2025-10-10 09:50:18,6752.29,Buy,672.77,high
2,2025-10-10 11:00:24,6710.0,Buy,667.21,medium
3,2025-10-10 11:35:22,6701.56,Buy,661.2,low
4,2025-10-10 12:20:19,6637.27,Buy,660.9,medium
5,2025-10-10 13:13:15,6616.21,Buy,658.08,medium
6,2025-10-10 14:43:15,6610.51,Buy,658.3,low
7,2025-10-10 15:20:23,6600.65,Buy,656.76,high
8,2025-10-10 15:57:17,6560.89,Buy,653.395,low
1,2025-10-13 09:58:49,6645.0,Sell,662.7,low
2,2025-10-13 10:21:49,6638.8,Buy,661.46,high
3,2025-10-13 10:57:52,6638.8,Buy,660.195,high
4,2025-10-13 11:29:53,6647.53,Sell,662.72,low
5,2025-10-13 12:01:50,6651.65,Sell,662.92,low
6,2025-10-13 12:17:49,6651.81,Sell,663.55,low
7,2025-10-13 13:20:50,6653.51,Buy,663.12,high
8,2025-10-13 13:38:50,6652.11,Buy,663.03,high
9,2025-10-13 14:44:54,6652.11,Buy,663.05,high
10,2025-10-13 15:00:50,6645.53,Buy,662.0417,high
11,2025-10-13 15:55:50,6658.25,Sell,663.36,low
1,2025-10-14 09:42:49,6570.04,Buy,654.46,low
2,2025-10-14 10:36:49,6618.36,Sell,660.017,low
3,2025-10-14 10:55:49,6618.3,Sell,659.4,low
4,2025-10-14 12:22:49,6657.14,Sell,663.37,low
5,2025-10-14 13:30:49,6672.58,Sell,665.47,low
6,2025-10-14 13:52:52,6674.38,Sell,665.45,low
7,2025-10-14 14:32:50,6671.24,Sell,665.08,low
8,2025-10-14 15:18:51,6670.11,Sell,665.06,low
9,2025-10-14 15:38:49,6636.4,Buy,662.36,high
1,2025-10-15 10:04:56,6709.86,Sell,668.955,low
2,2025-10-15 10:56:53,6708.89,Buy,668.75,high
3,2025-10-15 11:32:52,6698.66,Buy,667.16,medium
4,2025-10-15 12:18:52,6697.88,Buy,665.12,medium
5,2025-10-15 13:15:53,6622.14,Buy,659.03,low
6,2025-10-15 15:07:54,6672.63,Buy,664.9,high
7,2025-10-15 15:37:54,6664.44,Buy,664.3,medium
8,2025-10-15 15:56:53,6657.43,Buy,664.1,medium
1,2025-10-16 10:08:26,6684.73,Buy,666.565,low
2,2025-10-16 10:26:28,6695.19,Sell,666.38,low
3,2025-10-16 10:42:27,6704.09,Sell,668.51,low
4,2025-10-16 11:25:32,6691.48,Buy,666.7002,medium
5,2025-10-16 11:31:27,6675.0,Buy,665.37,low
6,2025-10-16 12:11:27,6667.33,Buy,664.58,low
7,2025-10-16 12:31:28,6640.0,Buy,661.14,low
8,2025-10-16 13:07:27,6640.87,Buy,662.41,high
9,2025-10-16 14:05:33,6628.28,Buy,660.0,low
10,2025-10-16 14:16:35,6603.27,Buy,658.25,low
11,2025-10-16 15:22:28,6607.71,Buy,658.59,low
1,2025-10-17 09:44:55,6610.0,Buy,658.65,low
2,2025-10-17 10:58:51,6618.23,Buy,659.54,low
3,2025-10-17 11:28:49,6614.35,Buy,659.07,medium
4,2025-10-17 12:25:00,6650.0,Sell,663.33,low
5,2025-10-17 12:44:58,6641.58,Buy,662.34,high
6,2025-10-17 13:08:50,6636.48,Buy,661.46,high
7,2025-10-17 13:22:50,6629.2,Buy,661.32,medium
8,2025-10-17 13:54:59,6647.16,Sell,662.85,low
9,2025-10-17 14:24:56,6667.49,Sell,664.62,low
10,2025-10-17 15:02:50,6668.08,Sell,664.6,low
1,2025-10-20 09:48:50,6715.21,Sell,669.08,low
2,2025-10-20 10:20:50,6715.11,Sell,669.24,low
3,2025-10-20 10:27:02,6721.56,Sell,670.26,low
4,2025-10-20 10:56:50,6734.71,Sell,671.21,low
5,2025-10-20 11:16:49,6726.6,Buy,670.52,high
6,2025-10-20 11:29:49,6730.02,Sell,670.92,low
7,2025-10-20 11:54:51,6729.21,Sell,670.8,low
8,2025-10-20 12:33:50,6728.51,Sell,670.56,low
9,2025-10-20 13:05:50,6735.0,Sell,671.53,low
10,2025-10-20 13:31:50,6737.85,Sell,671.72,low
11,2025-10-20 13:42:12,6740.0,Sell,672.0901,low
12,2025-10-20 14:30:15,6739.52,Sell,671.78,low
13,2025-10-20 14:48:20,6739.52,Sell,671.28,low
14,2025-10-20 15:43:51,6737.07,Sell,671.54,low
15,2025-10-20 15:49:49,6739.81,Sell,671.9285,low
1,2025-10-21 10:51:12,6738.69,Sell,671.7,low
2,2025-10-21 11:04:51,6745.97,Sell,672.33,low
3,2025-10-21 11:49:51,6746.57,Sell,672.3,low
4,2025-10-21 12:07:51,6744.98,Sell,672.31,low
5,2025-10-21 12:15:50,6746.87,Sell,672.455,low
6,2025-10-21 12:36:09,6749.3,Sell,672.56,low
7,2025-10-21 12:54:14,6749.26,Sell,671.72,low
8,2025-10-21 14:20:52,6741.01,Buy,672.0,high
9,2025-10-21 15:53:51,6744.87,Sell,672.29,low
1,2025-10-22 10:07:51,6736.25,Buy,671.47,low
2,2025-10-22 10:15:52,6728.0,Buy,670.85,low
3,2025-10-22 10:53:19,6714.62,Buy,669.09,high
4,2025-10-22 11:28:51,6705.06,Buy,668.24,low
5,2025-10-22 12:05:53,6707.27,Buy,668.42,medium
6,2025-10-22 13:25:53,6674.62,Buy,664.92,low
7,2025-10-22 13:44:53,6661.09,Buy,663.62,low
8,2025-10-22 15:58:52,6674.14,Buy,667.52,low
1,2025-10-23 11:23:26,6716.55,Buy,669.765,high
2,2025-10-23 11:30:51,6722.87,Sell,670.29,low
3,2025-10-23 11:45:51,6711.64,Buy,669.09,medium
4,2025-10-23 12:00:51,6725.0,Sell,670.29,low
5,2025-10-23 13:06:50,6735.9,Sell,671.499,low
6,2025-10-23 13:09:51,6726.94,Buy,670.78,high
7,2025-10-23 13:43:50,6740.0,Sell,672.05,low
8,2025-10-23 14:17:17,6740.0,Sell,672.24,low
9,2025-10-23 14:49:50,6744.9,Sell,672.48,low
10,2025-10-23 14:57:50,6747.25,Sell,672.54,low
11,2025-10-23 15:37:51,6742.23,Sell,672.125,low
12,2025-10-23 15:51:52,6742.23,Sell,671.41,low
1,2025-10-24 09:49:49,6792.26,Buy,676.96,high
2,2025-10-24 10:19:50,6796.34,Sell,677.5,low
3,2025-10-24 10:27:48,6792.02,Buy,676.84,high
4,2025-10-24 10:49:49,6795.53,Sell,677.39,low
5,2025-10-24 11:20:50,6799.82,Sell,677.95,low
6,2025-10-24 12:22:49,6805.0,Sell,678.34,low
7,2025-10-24 12:43:51,6795.18,Buy,677.33,high
8,2025-10-24 13:27:13,6803.18,Sell,678.07,low
9,2025-10-24 13:46:51,6803.95,Sell,678.21,low
10,2025-10-24 14:27:49,6803.64,Sell,678.17,low
11,2025-10-24 14:45:52,6802.09,Sell,677.895,low
12,2025-10-24 14:47:50,6802.09,Sell,677.83,low
13,2025-10-24 14:51:50,6802.09,Sell,677.975,low
14,2025-10-24 15:21:49,6803.58,Sell,678.25,low
15,2025-10-24 15:41:49,6801.15,Sell,677.86,low
16,2025-10-24 15:44:52,6801.1,Sell,677.73,low
17,2025-10-24 15:59:50,6790.87,Buy,677.11,medium
1,2025-10-27 10:18:54,6850.71,Buy,682.84,low
2,2025-10-27 10:44:54,6853.98,Sell,683.32,low
3,2025-10-27 10:53:14,6850.04,Buy,682.595,low
4,2025-10-27 11:13:55,6851.76,Buy,682.9,low
5,2025-10-27 11:19:56,6852.04,Buy,682.99,low
6,2025-10-27 11:49:53,6856.06,Sell,683.39,low
7,2025-10-27 12:22:17,6856.28,Sell,683.52,low
8,2025-10-27 12:41:56,6857.72,Sell,683.64,low
9,2025-10-27 13:03:54,6859.52,Sell,683.75,low
10,2025-10-27 13:38:18,6858.35,Sell,683.71,low
11,2025-10-27 14:15:54,6860.72,Sell,683.87,low
12,2025-10-27 14:33:54,6861.6,Sell,683.97,low
13,2025-10-27 14:57:56,6864.04,Sell,684.235,low
14,2025-10-27 15:32:18,6865.0,Sell,684.325,low
1,2025-10-28 09:56:51,6882.46,Buy,685.89,high
2,2025-10-28 11:05:15,6881.05,Buy,685.9,low
3,2025-10-28 11:20:52,6881.01,Buy,685.73,low
4,2025-10-28 11:30:51,6881.01,Buy,685.465,low
5,2025-10-28 12:44:52,6888.37,Sell,686.73,low
6,2025-10-28 13:18:52,6895.0,Sell,687.2,low
7,2025-10-28 13:50:52,6895.0,Sell,687.59,low
8,2025-10-28 14:06:55,6898.63,Sell,687.68,low
9,2025-10-28 14:56:52,6901.32,Sell,687.9499,low
10,2025-10-28 15:28:10,6907.55,Sell,688.81,low
1,2025-10-29 10:20:50,6910.52,Buy,688.78,low
2,2025-10-29 10:52:14,6910.39,Buy,688.37,low
3,2025-10-29 11:10:24,6910.39,Buy,688.185,low
4,2025-10-29 11:44:50,6906.4,Buy,688.22,medium
5,2025-10-29 12:04:11,6902.5,Buy,687.62,low
6,2025-10-29 13:40:29,6903.05,Buy,687.98,low
7,2025-10-29 14:36:50,6880.0,Buy,685.6201,low
1,2025-10-30 10:18:54,6860.47,Buy,684.33,high
2,2025-10-30 11:25:56,6873.0,Sell,684.97,low
3,2025-10-30 11:34:20,6865.67,Buy,684.385,high
4,2025-10-30 12:16:18,6872.68,Sell,685.04,low
5,2025-10-30 12:36:56,6860.36,Buy,683.89,high
6,2025-10-30 13:06:55,6860.28,Buy,683.25,high
7,2025-10-30 15:18:54,6840.0,Buy,681.64,low
8,2025-10-30 15:55:54,6837.16,Buy,680.235,low
1,2025-10-31 11:17:51,6866.46,Sell,684.38,low
2,2025-10-31 11:47:53,6852.96,Buy,682.87,low
3,2025-10-31 13:00:51,6830.0,Buy,680.39,low
4,2025-10-31 13:17:51,6820.58,Buy,680.0,low
5,2025-10-31 15:55:51,6849.18,Buy,682.905,high
1,2025-11-03 10:00:53,6847.98,Buy,682.1,low
2,2025-11-03 10:33:53,6823.61,Buy,680.39,low
3,2025-11-03 13:53:30,6855.94,Buy,683.6299,high
4,2025-11-03 14:43:53,6848.22,Buy,682.82,medium
5,2025-11-03 15:31:54,6855.84,Buy,683.03,high
6,2025-11-03 15:50:54,6849.88,Buy,682.61,high
1,2025-11-04 09:42:51,6777.1,Sell,676.7,low
2,2025-11-04 09:44:50,6787.5,Sell,676.995,low
3,2025-11-04 10:18:52,6810.0,Sell,679.02,low
4,2025-11-04 10:41:52,6817.5,Sell,679.7799,low
5,2025-11-04 10:58:18,6797.83,Buy,678.15,high
6,2025-11-04 12:19:51,6784.11,Buy,676.0,medium
7,2025-11-04 13:22:28,6778.25,Buy,675.775,medium
8,2025-11-04 14:32:51,6778.35,Buy,675.59,low
9,2025-11-04 15:05:51,6774.8,Buy,675.55,low
10,2025-11-04 15:55:53,6771.34,Buy,674.775,low
1,2025-11-05 10:00:51,6790.48,Sell,677.0451,low
2,2025-11-05 10:30:53,6795.27,Sell,677.335,low
3,2025-11-05 11:24:51,6796.7,Sell,677.87,low
4,2025-11-05 12:09:51,6811.68,Sell,679.17,low
5,2025-11-05 12:18:52,6815.39,Sell,679.49,low
6,2025-11-05 12:36:53,6820.0,Sell,680.6396,low
7,2025-11-05 13:00:53,6821.9,Sell,680.16,low
8,2025-11-05 13:18:52,6824.92,Sell,680.47,low
9,2025-11-05 13:45:52,6825.26,Sell,680.615,low
10,2025-11-05 14:03:53,6821.62,Sell,680.19,low
11,2025-11-05 14:43:52,6823.44,Sell,680.3,low
12,2025-11-05 14:59:13,6822.47,Sell,680.23,low
13,2025-11-05 15:11:22,6822.47,Sell,680.32,low
14,2025-11-05 15:32:52,6814.57,Buy,679.59,high
15,2025-11-05 15:56:53,6803.64,Buy,678.395,high
1,2025-11-06 10:15:51,6751.17,Buy,673.27,low
2,2025-11-06 10:54:52,6736.63,Buy,671.72,low
3,2025-11-06 11:25:52,6736.71,Buy,670.45,low
4,2025-11-06 11:56:51,6720.15,Buy,669.128,low
5,2025-11-06 13:06:52,6720.0,Buy,669.3256,low
6,2025-11-06 15:33:52,6743.53,Buy,672.15,medium
7,2025-11-06 15:47:19,6728.42,Buy,670.55,low
1,2025-11-07 09:48:52,6673.04,Buy,665.98,high
2,2025-11-07 10:41:52,6669.28,Buy,664.57,medium
3,2025-11-07 11:06:50,6656.17,Buy,663.22,low
4,2025-11-07 11:29:52,6650.0,Buy,662.825,low
5,2025-11-07 14:32:51,6690.0,Sell,667.53,low
6,2025-11-07 14:42:53,6710.0,Sell,669.12,low
7,2025-11-07 15:54:52,6717.87,Sell,669.81,low
1,2025-11-10 09:56:55,6803.8,Buy,678.45,low
2,2025-11-10 10:29:34,6810.0,Sell,678.86,low
3,2025-11-10 10:38:56,6805.64,Buy,678.2544,low
4,2025-11-10 10:53:17,6786.62,Buy,676.68,low
5,2025-11-10 11:30:57,6786.23,Buy,675.98,low
6,2025-11-10 12:41:21,6803.84,Sell,678.61,low
7,2025-11-10 13:08:56,6810.0,Sell,679.68,low
8,2025-11-10 13:29:27,6815.52,Sell,679.475,low
9,2025-11-10 13:31:56,6815.6,Sell,679.75,low
10,2025-11-10 14:24:55,6820.0,Sell,680.39,low
11,2025-11-10 14:50:56,6827.79,Sell,681.03,low
12,2025-11-10 15:02:56,6830.0,Sell,681.57,low
13,2025-11-10 15:38:57,6835.44,Sell,681.77,low
14,2025-11-10 15:57:57,6832.11,Sell,681.455,low
1,2025-11-11 09:49:53,6823.25,Buy,679.81,low
2,2025-11-11 10:31:52,6815.29,Buy,679.57,low
3,2025-11-11 11:20:54,6815.17,Buy,680.22,low
4,2025-11-11 11:40:23,6816.62,Buy,679.3256,high
5,2025-11-11 12:06:53,6825.25,Sell,680.7,low
6,2025-11-11 12:22:24,6830.0,Sell,681.3599,low
7,2025-11-11 12:54:52,6838.63,Sell,681.89,low
8,2025-11-11 13:48:53,6847.05,Sell,682.9,low
9,2025-11-11 14:22:18,6848.1,Sell,682.96,medium
10,2025-11-11 15:13:53,6850.0,Sell,683.38,low
11,2025-11-11 15:29:55,6847.73,Sell,682.9,low
12,2025-11-11 15:53:53,6850.0,Sell,683.5,low
1,2025-11-12 09:45:51,6862.02,Buy,684.24,low
2,2025-11-12 10:30:52,6851.98,Buy,683.055,low
3,2025-11-12 11:09:52,6840.17,Buy,681.845,low
4,2025-11-12 11:51:52,6835.4,Buy,681.79,low
5,2025-11-12 14:08:52,6851.74,Buy,683.43,high
6,2025-11-12 14:35:29,6844.86,Buy,682.59,medium
7,2025-11-12 15:57:52,6849.0,Buy,682.86,medium
1,2025-11-13 10:38:51,6800.0,Buy,677.35,low
2,2025-11-13 11:06:51,6780.0,Buy,675.4,low
3,2025-11-13 12:12:51,6769.4,Buy,674.6,low
4,2025-11-13 12:44:53,6774.52,Buy,675.12,medium
5,2025-11-13 12:48:52,6765.13,Buy,674.8199,low
6,2025-11-13 13:14:54,6763.78,Buy,674.48,high
7,2025-11-13 13:26:52,6760.0,Buy,672.87,low
8,2025-11-13 14:04:18,6743.41,Buy,672.11,low
9,2025-11-13 14:20:52,6742.13,Buy,672.02,low
10,2025-11-13 14:58:17,6740.0,Buy,671.92,low
11,2025-11-13 15:56:51,6740.0,Buy,671.45,medium
1,2025-11-14 09:43:58,6678.77,Sell,666.56,low
2,2025-11-14 10:23:58,6700.0,Sell,668.6,low
3,2025-11-14 10:55:59,6736.56,Sell,671.74,low
4,2025-11-14 11:51:01,6757.68,Sell,674.47,low
5,2025-11-14 12:36:58,6760.0,Sell,674.96,low
6,2025-11-14 13:43:57,6732.2,Buy,671.72,high
7,2025-11-14 14:46:35,6758.88,Sell,674.71,low
1,2025-11-17 09:42:54,6734.6,Sell,672.0642,low
2,2025-11-17 10:51:54,6723.69,Buy,670.7414,medium
3,2025-11-17 11:09:55,6710.0,Buy,669.235,low
4,2025-11-17 12:41:21,6708.53,Buy,671.01,low
5,2025-11-17 12:59:19,6711.68,Buy,669.22,low
6,2025-11-17 13:31:55,6702.11,Buy,668.34,low
7,2025-11-17 13:57:55,6693.8,Buy,667.135,low
8,2025-11-17 14:33:56,6680.0,Buy,665.08,low
9,2025-11-17 14:41:38,6660.18,Buy,663.955,low
10,2025-11-17 15:09:57,6647.07,Buy,662.8998,low
1,2025-11-19 10:48:54,6663.46,Buy,664.91,high
2,2025-11-19 11:25:57,6632.75,Buy,661.47,low
3,2025-11-19 11:52:20,6631.32,Buy,661.52,medium
4,2025-11-19 12:07:56,6631.71,Buy,661.2,medium
5,2025-11-19 12:23:54,6631.32,Buy,660.87,medium
6,2025-11-19 12:38:55,6631.03,Buy,659.23,medium
7,2025-11-19 13:47:54,6629.8,Buy,661.33,medium
8,2025-11-19 14:17:55,6629.49,Buy,661.3509,medium
9,2025-11-19 14:28:24,6620.0,Buy,659.74,low
10,2025-11-19 15:58:15,6620.0,Buy,662.58,low
1,2025-11-20 09:46:49,6749.56,Buy,673.75,low
2,2025-11-20 10:41:04,6767.52,Sell,675.03,low
3,2025-11-20 10:56:08,6750.31,Buy,673.03,low
4,2025-11-20 11:36:09,6700.0,Buy,666.27,low
5,2025-11-20 12:27:49,6608.25,Buy,658.67,medium
6,2025-11-20 13:48:02,6579.48,Buy,655.695,low
7,2025-11-20 14:33:08,6575.9,Buy,655.79,medium
8,2025-11-20 15:59:10,6550.85,Buy,652.53,low
1,2025-11-21 09:48:54,6551.08,Buy,655.27,low
2,2025-11-21 09:53:24,6565.34,Sell,655.6,low
3,2025-11-21 10:03:54,6552.13,Buy,653.89,low
4,2025-11-21 10:24:57,6551.38,Buy,655.1,high
5,2025-11-21 11:39:55,6580.0,Sell,656.955,low
6,2025-11-21 12:02:56,6610.99,Sell,659.62,low
7,2025-11-21 12:31:54,6617.34,Sell,660.71,low
8,2025-11-21 12:48:55,6620.0,Sell,661.22,low
9,2025-11-21 13:05:21,6620.0,Sell,658.29,high
10,2025-11-21 13:20:54,6587.26,Buy,657.75,high
11,2025-11-21 14:21:54,6652.5,Sell,664.3,low
12,2025-11-21 14:41:23,6652.39,Sell,663.58,low
13,2025-11-21 15:30:54,6652.39,Sell,659.38,low
14,2025-11-21 15:56:54,6608.51,Buy,658.51,high
1,2025-11-24 09:53:24,6642.5,Buy,663.38,high
2,2025-11-24 10:21:55,6664.6,Sell,665.405,low
3,2025-11-24 10:37:55,6670.0,Sell,665.92,low
4,2025-11-24 11:01:55,6680.0,Sell,666.8798,low
5,2025-11-24 11:52:34,6693.83,Sell,667.7799,low
6,2025-11-24 12:24:55,6693.45,Sell,668.01,low
7,2025-11-24 12:40:20,6700.0,Sell,668.9412,low
8,2025-11-24 13:04:24,6706.38,Sell,669.3635,low
9,2025-11-24 13:40:21,6704.16,Sell,669.15,low
10,2025-11-24 13:59:57,6706.4,Sell,669.235,low
11,2025-11-24 14:16:25,6706.09,Sell,669.4,low
12,2025-11-24 14:54:59,6692.71,Buy,668.27,high
13,2025-11-24 15:10:30,6703.53,Sell,668.91,low
14,2025-11-24 15:46:17,6706.24,Sell,669.18,low
1,2025-11-25 10:40:46,6705.32,Sell,669.52,low
2,2025-11-25 11:23:04,6720.0,Sell,670.69,low
3,2025-11-25 11:38:43,6719.76,Sell,670.65,low
4,2025-11-25 12:02:43,6730.0,Sell,671.975,low
5,2025-11-25 12:26:03,6740.0,Sell,673.5917,low
6,2025-11-25 12:52:25,6752.17,Sell,673.7902,low
7,2025-11-25 13:12:42,6748.16,Sell,673.6099,low
8,2025-11-25 13:40:43,6749.8,Sell,673.655,low
9,2025-11-25 13:50:24,6753.62,Sell,674.24,low
10,2025-11-25 14:12:18,6749.78,Sell,673.54,low
11,2025-11-25 15:01:44,6755.03,Sell,674.24,low
12,2025-11-25 15:27:43,6756.77,Sell,674.585,low
13,2025-11-25 15:34:44,6760.0,Sell,675.12,low
14,2025-11-25 15:55:43,6769.42,Sell,675.72,low
1,2025-11-26 09:41:39,6797.72,Buy,678.64,low
2,2025-11-26 10:05:43,6791.18,Buy,677.34,low
3,2025-11-26 10:35:46,6803.9,Sell,678.88,low
4,2025-11-26 11:32:16,6819.18,Sell,680.71,low
5,2025-11-26 11:46:15,6819.79,Sell,681.3642,low
6,2025-11-26 12:31:15,6828.58,Sell,681.22,low
7,2025-11-26 12:59:42,6826.07,Sell,681.11,low
8,2025-11-26 13:11:43,6826.15,Sell,680.46,low
9,2025-11-26 13:25:18,6824.14,Sell,681.19,low
10,2025-11-26 13:35:46,6818.03,Buy,680.2501,high
11,2025-11-26 14:37:15,6823.31,Sell,680.95,low
12,2025-11-26 15:11:44,6824.64,Sell,681.1325,low
13,2025-11-26 15:53:47,6824.64,Sell,680.51,low
1,2025-11-28 09:44:59,6827.68,Buy,681.27,low
2,2025-11-28 09:56:59,6828.17,Sell,681.22,low
3,2025-11-28 10:16:35,6832.0,Sell,682.01,low
4,2025-11-28 10:46:55,6834.69,Sell,682.17,low
5,2025-11-28 11:04:31,6839.87,Sell,682.6181,low
6,2025-11-28 11:25:00,6839.77,Sell,682.23,low
7,2025-11-28 11:59:59,6840.0,Sell,682.755,low
8,2025-11-28 12:32:00,6842.53,Sell,682.195,low
9,2025-11-28 12:53:59,6840.78,Sell,682.58,low
10,2025-11-28 12:58:30,6845.0,Sell,683.4887,low
1,2025-12-01 10:09:58,6826.03,Sell,680.92,low
2,2025-12-01 11:29:20,6823.75,Sell,681.0799,medium
3,2025-12-01 11:44:56,6835.0,Sell,682.0501,low
4,2025-12-01 12:05:15,6835.0,Sell,682.18,low
5,2025-12-01 12:17:41,6827.19,Buy,681.77,high
6,2025-12-01 12:47:21,6839.64,Sell,682.51,low
7,2025-12-01 13:14:57,6838.08,Sell,682.63,low
8,2025-12-01 14:17:43,6838.41,Sell,681.58,low
9,2025-12-01 15:53:25,6814.81,Buy,680.075,medium
1,2025-12-02 10:18:41,6845.21,Sell,683.0499,low
2,2025-12-02 11:17:41,6830.84,Buy,681.45,low
3,2025-12-02 13:01:28,6830.2,Buy,680.8,low
4,2025-12-02 14:23:40,6819.3,Buy,680.9682,medium
5,2025-12-02 15:32:43,6840.85,Sell,682.69,low
6,2025-12-02 15:52:04,6834.57,Buy,682.07,high
1,2025-12-03 10:32:21,6828.1,Sell,681.72,low
2,2025-12-03 10:33:49,6838.26,Sell,682.26,low
3,2025-12-03 10:53:51,6839.26,Sell,682.4656,low
4,2025-12-03 11:13:25,6829.56,Buy,682.155,high
5,2025-12-03 11:30:07,6835.78,Sell,682.52,low
6,2025-12-03 11:34:49,6845.0,Sell,683.38,low
7,2025-12-03 12:21:50,6844.06,Sell,683.57,low
8,2025-12-03 12:54:51,6849.65,Sell,683.72,low
9,2025-12-03 13:28:50,6850.15,Sell,683.85,low
10,2025-12-03 13:42:51,6850.0,Sell,684.305,low
11,2025-12-03 14:00:51,6850.0,Sell,684.1,low
12,2025-12-03 14:20:22,6850.0,Sell,684.2835,low
13,2025-12-03 14:44:40,6857.34,Sell,684.572,low
14,2025-12-03 14:59:51,6858.43,Sell,684.625,medium
15,2025-12-03 15:51:49,6853.95,Sell,684.03,low
16,2025-12-03 15:55:22,6849.82,Buy,683.88,high
1,2025-12-04 10:19:18,6848.55,Buy,683.38,low
2,2025-12-04 10:26:16,6840.0,Buy,682.54,low
3,2025-12-04 11:01:19,6847.2,Buy,683.22,medium
4,2025-12-04 12:52:19,6856.18,Sell,684.29,low
5,2025-12-04 13:08:18,6848.63,Buy,683.72,medium
6,2025-12-04 13:31:18,6859.12,Sell,684.725,medium
7,2025-12-04 13:50:18,6853.63,Buy,684.15,high
8,2025-12-04 14:15:18,6848.43,Buy,683.485,medium
9,2025-12-04 14:20:18,6848.43,Buy,682.23,medium
10,2025-12-04 15:09:15,6840.45,Buy,682.92,medium
1,2025-12-05 09:44:00,6872.53,Buy,685.83,low
2,2025-12-05 10:15:00,6890.0,Sell,688.03,low
3,2025-12-05 10:59:59,6878.46,Buy,686.67,medium
4,2025-12-05 11:16:31,6872.2,Buy,685.915,medium
5,2025-12-05 12:26:00,6868.74,Buy,685.46,low
6,2025-12-05 12:37:59,6860.0,Buy,685.0348,low
7,2025-12-05 14:06:00,6872.04,Buy,686.12,medium
8,2025-12-05 15:43:59,6869.94,Buy,685.85,medium
9,2025-12-05 15:48:59,6863.01,Buy,685.015,low
1,2025-12-08 09:48:52,6868.9,Buy,685.335,low
2,2025-12-08 10:18:51,6863.72,Buy,685.005,low
3,2025-12-08 10:29:23,6863.44,Buy,684.555,high
4,2025-12-08 10:47:21,6855.58,Buy,684.32,low
5,2025-12-08 11:44:53,6849.23,Buy,683.8298,low
6,2025-12-08 12:03:51,6840.0,Buy,682.8756,low
7,2025-12-08 12:21:51,6841.48,Buy,682.88,low
8,2025-12-08 13:31:51,6841.43,Buy,682.7827,low
9,2025-12-08 13:54:22,6840.0,Buy,682.59,low
10,2025-12-08 14:31:29,6834.79,Buy,682.31,low
11,2025-12-08 14:49:26,6835.75,Buy,682.51,low
12,2025-12-08 15:32:51,6836.8,Buy,682.34,low
1,2025-12-09 10:14:13,6855.15,Sell,684.18,low
2,2025-12-09 10:39:13,6850.41,Buy,684.03,medium
3,2025-12-09 11:04:12,6856.65,Sell,684.62,low
4,2025-12-09 11:21:12,6860.0,Sell,685.21,low
5,2025-12-09 12:01:13,6860.0,Sell,684.94,low
6,2025-12-09 12:28:17,6858.54,Sell,684.68,low
7,2025-12-09 12:46:13,6852.03,Buy,683.88,medium
8,2025-12-09 13:47:19,6846.54,Buy,683.55,low
9,2025-12-09 14:36:41,6847.4,Buy,683.475,low
10,2025-12-09 15:11:12,6848.94,Buy,683.61,low
11,2025-12-09 15:26:14,6845.73,Buy,683.3799,low
12,2025-12-09 15:52:12,6846.18,Buy,683.19,low
13,2025-12-09 15:56:11,6845.9,Buy,682.84,low
1,2025-12-10 10:03:49,6839.93,Sell,682.995,low
2,2025-12-10 10:41:51,6830.99,Buy,682.15,low
3,2025-12-10 11:01:27,6829.8,Buy,681.82,low
4,2025-12-10 12:13:27,6842.37,Sell,683.25,low
5,2025-12-10 12:14:51,6843.67,Sell,683.25,low
6,2025-12-10 12:56:40,6849.52,Sell,683.8297,low
7,2025-12-10 13:52:51,6839.87,Buy,682.985,high
8,2025-12-10 14:01:52,6853.86,Sell,684.05,medium
9,2025-12-10 15:35:50,6896.74,Sell,688.65,low
1,2025-12-11 09:48:32,6856.0,Buy,684.17,low
2,2025-12-11 11:44:30,6875.58,Sell,686.47,low
